post_id	preds
1	['ruegzkoo', '21lbbcxy', 'bttme4wn', 'uifnjio5', 'nswj8x43']
2	['evf9nz05', 'y8puocsa', 'f6vau5s6', 'mnsm39a8', '5vp2r2bd']
3	['trrg1mnw', 'ldcim3cw', 'ocl5qf9o', '25aj8rj5', 'h0spcvjl']
4	['ru2ty1y9', 'wabd3b9z', 'enlj85zc', 'bnkggl84', 'qbhw96wv']
5	['f5p37j7g', 'nzat41wu', 'dgcawqyk', 'g283lf8j', 'jnz5by5w']
6	['oj278zls', '7kxi7px1', 'nzy970he', 'dzkf7c7l', 'on53pegz']
7	['zyrvgaql', 'kvu0hgjf', 'leqluxpl', 'x5htdsbn', '122yi9np']
8	['b0wy5zz4', '4iuxm6z2', 'ccj1dt86', 'mo3y3mau', 'xmd8fh95']
9	['kq0cu73r', 'atnxkvy6', '611ih9pl', '3ybiysp4', 'ws7lp560']
10	['5z0xwlxp', 'iu1d9i57', 'g57r3son', 'uyb0of5p', 'mcmqx7og']
11	['l4u01fzk', '1aruw47h', 'gtbegs4r', 'jp80u828', '5pe3wag3']
12	['yztfkwkc', 'yzn6jibu', 'a66sszp2', '83re9176', 'gunn55f9']
13	['ehqk1d63', '78t2h7st', '27ozvy4h', 'azr73w2w', 'mwvcd5eo']
14	['8rvhqd9b', 'ay69e8ad', '7j5zmg8w', 'b52pn8t9', 'geo7ac5i']
15	['nbdk83ok', 'e6miaabh', '8jbisapd', '4rzttwyp', '08p8ns2d']
16	['xokujzbl', '7c0844ui', 'u4ntxo0y', 'b2w95zcb', '29tcwijl']
17	['ccxnsmia', 'h2uc7ria', 'kokfufba', 'k2qj6o7j', 'oh23px9c']
18	['1s8jzzwg', 'h7ftu3ax', 'vx1hjh26', 'w3ls1d7w', 'w1bx4a7v']
19	['fff0swre', 'y0mbzzx0', 'o8nf7nd0', 'ncfvllzi', 'rwovxw7a']
20	['e1mnj7bf', '1aqf98e0', '7zngkwoh', 'xpwv8xlv', 'cnmawglq']
21	['s2hp3sat', 'dgng39yd', 'ykxr9q1j', 'jgq968f6', '137662w0']
22	['lj74054o', 'a5oz6joh', '4mjg7jul', 'z218oii3', 'hwpn7ti1']
23	['7xt894vr', '630w2rtn', '64qt0w2a', 'z22g03v4', 'rztwiflt']
24	['dt7hip0z', 'flqdf8vd', 'wk61uyrt', 'e0pz0z4j', 'raw2mt47']
25	['uzry86hi', 'n9nu5n44', '4z8i83p4', 'ezrarusj', 'p7rpfsph']
26	['i0bc6k81', '8393t8xl', '7fyhx6c2', 'aktcrflj', 'd81rq6b9']
27	['0v55vvfd', 'kl3mfkoh', '3akrube4', 'c7g2ah72', 'ge8o93rh']
28	['a0q61mpi', '9gn4jcu9', 'lh18omnj', 'r58aohnu', 'ohkki0ke']
29	['9iomlhpv', 'r5iu5nr1', 'sg1e404x', 'zmkvs7e7', 'oy46vntr']
30	['vw8a1994', 'd1pgjtjh', 'yc7cvbii', 'c4ihkcyr', 'ifovibzi']
31	['2egb0ftb', 'qwgxm1ol', 'q8o1czcx', 'ix0xi5jb', 'bcraqemn']
32	['mt0c57cp', 'o7qytdl5', 'mcmqx7og', 'h7ftu3ax', 'vvmb92wo']
33	['7zngkwoh', 'iylmvmv3', 'hcwuv519', 'y43prnko', '1vcc1khg']
34	['9h4zzo5q', 'psaq958v', 'q77tr31d', 'wkl3jyzn', '4iuxm6z2']
35	['7tp8z7n8', 'bmt2zpmv', 'yvbmbnjw', 'wghwwufg', 'n2t35wgn']
36	['383sp7f5', 'u31ixcwa', 'iuziorsk', '8d5gl6l7', 'sm0112e3']
37	['8l1vfsbc', '6g4oclln', '6o7q57xl', '6zfeeuy3', 'ppe8br4z']
38	['tn8houmc', 'oj278zls', 'tzp03hmr', 'shad8im4', '2tax8ajw']
39	['lvvw1npq', 'fbsrggog', 'f3eogz0n', 'po32j519', 'rlr17nah']
40	['z71bquck', 'g0cryapk', 'bgljm9q2', '0u14wypb', 'oqhmvpjm']
41	['y0u00y67', 'dqlay9br', '1blzi9r3', 'c7g2ah72', 'w01dub6y']
42	['ike8mgh6', 'm5udbs4f', 'l4y7v729', 'wm6iem8d', 'gqmicba6']
43	['52lf5gzr', 'gcsew8u3', 'zbr3kfv2', 'djev6er7', 'xmd8fh95']
44	['o1xkgkn1', 'ax3e82js', 'r76tqrwz', 'fub50lvt', 'lm73oj21']
45	['s2vckt2w', 's96beqsh', 'f6l0hwyw', '07cica09', 'qxxn1zf9']
46	['xegy9krj', 'yx0u0iyw', 'wdtrpnkn', 'qvj36vut', 'cwqsbwaj']
47	['0extp6r3', 'v1egyqt4', 'khkw1hhv', 'emsf4i9c', 'rnq3k34m']
48	['fe456in0', 'yuw7dvcn', '6vqf2n5j', '3yi44xfe', '5m23wtpi']
49	['bqy5eo3p', 'il4wa97x', 'zb7ge4b8', '2pufns7d', 'zz0i50l7']
50	['4hmecfi0', 'mom4y7cl', 'mp1z0269', 'h13p6ogs', 'ksjkypzx']
51	['uj5deryi', '0pptqw7o', 'dkfohub3', 'y4eyse0y', 'kff7ho04']
52	['tuqmar6w', 'zghh0zbd', 'lxzmiehr', 'g5h4tazp', 'o8gdpf0i']
53	['u01dvu35', 'jfvq2gfx', 'q1nye2ih', 'u7ligk1k', 'vprj63y2']
54	['4ehxnzc7', 'xthxesgk', 'wt6bp8os', 'cpqeo65g', '68d30i8k']
55	['vvmb92wo', '2bupc5jh', '0vlh67jw', 'mnjy6bq2', 'iylmvmv3']
56	['vc6j8ao2', 'r1tp27z8', 'y6jrt5xh', 'eq5qqshb', 'ex3s7ytv']
57	['ocxl6cf4', 'o3cr0xvm', '1992wisb', 'th64ca79', '0pcgcbjw']
58	['msg9j0lb', 'lvbutmio', 'cj6o6ady', '4ckob7b0', 'opda8pjy']
59	['ezrmuw48', 'fgab2fu3', '8rp0v8yo', '4vzdk69c', 'cvouxqxy']
60	['3mfwweyr', 'qlwergum', 'uto9q6s2', 'ksvw62gl', 'yy77zuu4']
61	['trmwm9qq', '9aw78s63', 'dqhdws5k', 'sygm6irl', '9hru3tuh']
62	['jzosdlu7', 'c0ipfbeg', '3dconbli', 'ozmgm5bx', 's599iazh']
63	['iz74o9de', '195h4ofw', 'tdlcb9bf', '5o9bbspc', '2qwk2z22']
64	['7a7oi5dt', 'yaedocvp', 'o3cr0xvm', '1992wisb', '09jbs6mx']
65	['21lbbcxy', 'jfvq2gfx', 'q1nye2ih', 'f1ckv4bk', 'u7ligk1k']
66	['uejtwgar', 'kwqdyhn6', '3ls0po4k', 'dqrp18c6', 'zt5alyy2']
67	['9dq7xvn3', 'q1qqm9e6', 'ereh4ub8', 'jo38hjqa', 'fhcipjzu']
68	['5upb25gt', '65efipbi', '5ifrkb75', '9th9mm7e', 'txnegebz']
69	['kayh0v56', 'lpar7tc8', 'zvlbs4cc', 'eq5qqshb', 'b9nqcbf7']
70	['7f33cu6l', '4gxff3rd', 'vwrhypnl', 'yjm6asp5', 'pfh6nm9r']
71	['9k4pwc2h', '6c47sm6i', 'z94skip6', 'nvphu1fm', 'iez1j9jn']
72	['wtovv1jy', 'vpqwkmlv', '607lsqlg', 'i69uuezd', 'r9datawi']
73	['qdmkx03t', '3tfof5nd', 't4y1ylb3', '3u3i5myh', 'v4pkwd44']
74	['4wi9lln9', 'k6cumncp', 'dhd9e9bn', 'y43prnko', 'uuojkhn3']
75	['0bh8i14e', '5lzixulv', 's4xintwp', 'o476dtgd', 'uohbxoeb']
76	['cgc0v1dg', 'rkgrsiqf', '164yx77a', 'isivkz8b', '095g2l66']
77	['tbs3b4ww', 'pbb9nrba', 'pj7no3fe', 'qowp861l', 'myeiu66g']
78	['5q8k71et', '9xpbwf9c', '5qvtdx0y', 'jeyo5qs9', 'c4h0x85r']
79	['2rx84imv', '2f7wqamp', '607lsqlg', 'xtraspw2', 'mnjy6bq2']
80	['7qxs79qy', 'jc26e39s', 'cbp4o6ou', 'zbbh6wl3', 'npd9wz3u']
81	['7yocj24n', 'h8ykn6ut', 'k7sg7gzd', 'kq6rups8', 'kgmugkmw']
82	['d0cd89hs', '33cmymur', '5t5l5rrx', 't0l6mlm5', 'pjllicm7']
83	['qgzc1moh', 'g3ny530a', '29z4q4fs', 'b5yrfllu', 'ro29tdt8']
84	['ca3h96bx', 'rr87vhd0', 'tmnfcs7r', 'fq9wx29o', 'octtj2vf']
85	['hpbcwiwf', 'vw3cuiof', 'j46bet38', 'clk482qk', 'iobpcfs5']
86	['ai60maqz', 'umvrwgaw', 'y43prnko', 'dt2pew66', 'qi1henyy']
87	['hlulg3wf', '24ie3mhq', '2w80hys9', '660gckc7', 'cv6no7nw']
88	['1ef8ac5c', 'wjktna81', 'yynwksqt', 'g15tvzn4', 'ezrarusj']
89	['ptd57hee', 'iimx8nt8', 'mim419b8', 't038136e', '401l7jbn']
90	['xh1iw8gf', '4gj7qdtw', 'xhkjbeam', 'i4lg3x9r', '92ezdiap']
91	['ubhv7my6', 'tc21pcjw', '2kh4iw8h', '2zbm4iwn', 's86zb5up']
92	['vg96f35h', 'lvvw1npq', 'tql5cv8k', 'f3eogz0n', 'i0swl50w']
93	['dxrltm25', 'kt47i60w', 'w0ebmg16', '0clp6zt6', 'ciwozpc0']
94	['8gl323hs', 'b7w2n36j', 'hfk8nikl', 'bccrvapy', 'yyhuctqg']
95	['1l4o9pko', 'aakzdkcj', 'l97yi8l9', '9wnkmn27', 'dt8h6a0v']
96	['ukdylwb7', 'ruegzkoo', 'nswj8x43', 'uifnjio5', 'so9uy899']
97	['8bihly91', 'pvrp8u8n', '4vq9ljlg', 'oijl3pjt', 'f0m3wuyj']
98	['dbxufi3m', 'yqx0xqz9', 'pmd1n2l1', 'm79zl7ka', '1qvkl05s']
99	['atloc9th', 'wiei5dpt', 'asj7352n', 'yt7uqvno', 'e0pbs354']
100	['0u14wypb', 'e9ba18fn', '47p4g80o', '555e3ndo', 'g6i3x433']
101	['4img2we6', 'u95kg3m0', '8wqii0nd', 'urk8aa5b', 'oe7fzahb']
102	['aj885nl0', 'hkk23tqt', 'z92xqedn', '2w6p6jji', 'dsz66r4u']
103	['6y6e5qgj', 'a3i3t6od', '8lnjbxe5', 'ypqusgs3', '6d5tp5hy']
104	['tra5ewc5', '9mn6trtn', 'ike8mgh6', '1s8jzzwg', '763v4duh']
105	['ogrlupbx', '7qpwux9w', 'y047cuxp', 'ls408b2b', 'k8wb51i7']
106	['y6zisciu', '20xgqvxc', 'gtp5daep', 'ssicvtv0', 'kjc1jdvz']
107	['suw0h7s3', 'j6uxowyu', 'cr2cute3', 'd0nacth6', '6vqf2n5j']
108	['y43prnko', 'ys7azmv7', 'vx1hjh26', '2f7wqamp', 'knbngla3']
109	['hgqohdct', 'iwc72ymq', '33znyrn8', 'lvvw1npq', '8co5gwkz']
110	['6kbdxhxv', 'ut1k8xe7', 'o47v5vgw', '9f5i6crg', 'z35xw2p0']
111	['k2qertx2', '8ztv34hs', 'vi1jl4po', 'gbgcfa2o', 'ngpl6xs1']
112	['7fua7kgs', 'j1kzjre0', '9bhi3rqu', 'park7t3g', 'c9cenvt4']
113	['72f64kpf', 'z5493bye', 'ylvgmdwh', 'hzv51czu', '8wyfvk1k']
114	['y6zisciu', '4haf8aaw', '4ifng0a6', 'iwc72ymq', 'xjc0l0tv']
115	['qtzhfnr6', 'tmonjdrp', 'bwmpamea', 'eq5qqshb', 'e9ntnp5r']
116	['rc5d6wi3', 'o3cr0xvm', '1992wisb', 'auy3c2e0', '6mzqk12f']
117	['l00jvzth', 'sjqt01gr', '479wkesk', '4cqf9v2v', 'yrbgdica']
118	['opckeugf', 'sok0cyd3', 'lpoxaetv', 'jgs4jszx', '7fe2vdm7']
119	['iha9gjt4', '607lsqlg', 'ys7azmv7', 'mjm2kap6', 'eg5snpzs']
120	['q17jutw0', 'tb538rkv', 'tvfe29no', '79xnx9gr', 'an1wfsvk']
121	['k3mz6lf1', 'jtgpzrf9', 'td3drkgw', 'p3ytwqeg', 'zbkx78mm']
122	['913sln1q', 'tki4l0gb', 'r9datawi', '4bw26042', 'gat4jwsu']
123	['8cvjsisw', 'l375v2my', 'zt5alyy2', 'm9i9gu5g', 'vgk1sgcp']
124	['4budtw8s', 's9b631ee', 'eje3i558', 'oc7koh6s', '8v9chk6j']
125	['o8gdpf0i', 't038136e', 'k2f667sc', '16ff3c7m', 'm69ceq2t']
126	['gw6qnwe3', 'rgso13e9', '5frs2nhl', 'ulmyc9su', '5dbuxvc4']
127	['k6cumncp', '41jqgsv0', 'iyi2fwhf', 'uyzalds2', '1iago9rr']
128	['qj1v04cf', 'm79zl7ka', '3a7utmsd', '9e6g15iw', '9svrz0vj']
129	['j3avpu1y', 'jgq968f6', 'q92unteg', 'e85xdrcw', 'tvzn0112']
130	['aaznc5qi', '8nil3u2k', 'tgqcnfa0', 'tlfvjcy2', '8uomx7hu']
131	['o7ww2prj', 'yn7e3do9', 'aclzp3iy', 'qv6oxjwd', 'vori28fm']
132	['1otgdo19', 'koybwabx', 'uef0bbh7', 'yewi7l9t', 'bxjmeqgp']
133	['1ifm3vgj', '53v1olqq', 'ntxufeg5', '9im9gqw6', '93amoypt']
134	['fu685z9a', '2jdlavwj', 'yx0u0iyw', 'vmmwtdia', '8rvhqd9b']
135	['zf8qg1q3', 'ey34e59f', 'gv7mej7b', 'xuug2eyn', 'wslsqytj']
136	['hfbi7sk5', 'r440fw19', '828s0mtz', 'zkb1zbvq', '8udyoutb']
137	['mjb3ip7a', 'p6uliadr', 'uohbxoeb', 'u0jddsup', 'hhuu7ol8']
138	['vdgu6h0a', '4unn3fmu', 'wk3fh9ke', 'yr69ctrj', '1xvj7xq7']
139	['7krl4xlg', 'xiaj8ofb', '32ut5vr7', 'rej743ia', 'heegb7pp']
140	['9n28nniu', '3mfwweyr', '7a543f7v', 'cj3cpn5j', '08h4198w']
141	['06yuz5pn', 'gttuxtw6', '4vzdk69c', '6msw06fb', 'of9wlhga']
142	['rmyy6fni', 'a4fj3c5e', 'nfem3htm', '84z7jgcl', '5gldyo2d']
143	['mqzus147', 'spohl5ey', 'pmd78j61', 'wa4gt5sy', 'j4pgpxoe']
144	['tra5ewc5', '8hvve871', '9mn6trtn', '5yscqct1', 'i1yf8fgk']
145	['vu1f1hp6', 'b9vm3x3w', 'pq571myy', 'ksvw62gl', 'qqdcs77q']
146	['lm73oj21', 'q8l3ra55', '407va85q', 'iu5ndsxn', 'p699a0g2']
147	['nz976qc6', '2l883zhe', '407va85q', 'dt8h6a0v', '186wyg7t']
148	['odlf9z1w', 'xee6npr3', 'afytjnny', 'a7eabvvo', 'jqueo6zg']
149	['4jjhc5zo', 'ffyavhm0', 'v3lcyzj5', 'il5307pl', '1ktrjzha']
150	['q5f98qzk', '1xycng32', 'su028g3j', 'p6k449j5', '5xfgmi2n']
151	['oap7i5ea', 'spiud6ok', '250glj07', '1ik8lrid', 'ultl3rpu']
152	['5zt4qx4q', 's0374olh', '1mx3jrup', 'jw6kh8os', 'fk62t9ym']
153	['wdvuweiq', 'fq9g84wc', '7y6ok9a2', 'olhgu24h', '7s79900j']
154	['ge8o93rh', 'opogstc5', '7j7u4sv3', 'u6a65x9h', '91nj68tn']
155	['dcfqvp4p', 'pocvjjox', 'fiiyythk', 'xii14gan', 'trrg1mnw']
156	['hfbi7sk5', '42i1i6br', 'r440fw19', '828s0mtz', '5sfojk7y']
157	['xnrb0byz', '8o2xddof', 'a45f2qtl', 'belhjr5e', 'fub50lvt']
158	['b0dzhsrh', 'iylmvmv3', 'eay6qfhz', 'upiu3e2d', 'w3ls1d7w']
159	['zcnr1e2f', 'zcxxk9hd', 'lhe82at0', '9qo95a1c', 'fyy42zaf']
160	['jz6o9gnb', 'l97yi8l9', 'lm73oj21', '7th3d6wk', 'ml27mexb']
161	['ezrarusj', '2q6qmex3', 'uzry86hi', '963hkkiy', 'owbv8ua4']
162	['1aqf98e0', '2bupc5jh', 'e1mnj7bf', 'iylmvmv3', 'mdewdbqs']
163	['q6ho9pdk', 'l2xm13is', 't6vojtu8', 'ef4wyw2f', '5z0xwlxp']
164	['qt3kk30m', 'ojr558x6', '4zxfghz3', '748c97u7', '8ovbkfz5']
165	['smagtwzs', 't2gxkxxd', 'anu3pahh', 'c2a07zg0', 'eauby68p']
166	['x84su3ki', 'f2ypnls4', 'supf8vel', 't2gxkxxd', 'x0iartdn']
167	['2bupc5jh', 'ybjnep46', '7zdi0y2s', 'iylmvmv3', 'uhkff67h']
168	['wzz5ioek', 'wi1slkpf', 'wpabett8', 'ihler8r0', '6j45mmjh']
169	['uxz185vr', 'ny7wkswf', 'klh90lvp', 'pfc31r4o', 'h65g7bf2']
170	['qexarxjl', '4jjuwc9r', '4img2we6', '4socpj73', 'prqrsb3c']
171	['uxn85mir', 'q1nye2ih', '2qwk2z22', '4sqjvr3y', 'xs0kxf25']
172	['2gjo4oqn', 'mnjy6bq2', 'xtraspw2', 'knbngla3', '2f7wqamp']
173	['yn7e3do9', 't30yubp6', '7kxi7px1', '1s6czejn', '4ztasd7r']
174	['qbj8n8h6', 'cn3d6j6z', '3akrube4', '6qai5sev', 'ro29tdt8']
175	['gzk9xbzk', 'iyi2fwhf', 'wr9ko6l5', 'm6zc7wv0', 'to2wxs8m']
176	['edz3up3a', 'f0wzxv39', 'ksf2tpdw', 's3vaa0yc', '64sdgroi']
177	['x1uc10m5', '69fmtury', 'mw0wb8a8', 'yhap30qx', 'xcsl2evz']
178	['s01g5wxg', 'iz74o9de', 'jisznsr3', 'yr27lnq8', 'oxa5gcxj']
179	['v29jmh6s', '4hmecfi0', 'di45k0dp', 'c7jhbxcb', 'toy8i1lm']
180	['5tpkcd5z', 'f5twvg9g', '2jdlavwj', 'gtp5daep', '122yi9np']
181	['k2f667sc', 'rcaxap24', 'p0jht22m', 'glxt2q6f', 'ktjfs3s7']
182	['y0qrxya9', '7clr6hbf', 'fjuehj70', 'y98m15aq', 'uy1xibll']
183	['g3ny530a', 'wp3rwdum', 'rytalfyx', 'gnh6ukge', 'jwei2g97']
184	['mo3y3mau', 'u3832seg', '6h83xzqe', 'rztwiflt', 'msut5gyc']
185	['hert77y1', 's0ca1r5s', 'roe6g61u', '2v6zigt8', 'ivy95jpw']
186	['8t5r7ts4', 'fofw6fmx', '1mbtt8z9', 'dxks8jiv', 'zo8stuvh']
187	['q1nye2ih', '3o91v72a', 'c3wkwn0u', 'qv1xdqau', 'am2vzj11']
188	['ba9uog5m', 'ptnpgh3j', 'yr69ctrj', 'yr27lnq8', '2ehuuvnx']
189	['rpa2v44v', '1ad18z11', 'edr7hrhp', 'wzyj4y30', 'wk61uyrt']
190	['uxz185vr', 'ny7wkswf', 'pfc31r4o', 'q9qtteqs', 'f14zbj4o']
191	['hqapg5ow', 'qsyqnwn5', '5u63aqo5', '4ff2e17a', 'usyduiti']
192	['v0y734lu', 'gcsew8u3', 'vryngrq8', '9195zweg', 'ohqr1v13']
193	['z2jtzsl6', 'n5kgdoln', '9ez3igd4', 'w1pv8dsg', 'n0zppf8v']
194	['nrc35akc', 'zbr3kfv2', 'ronhrs29', 'ua7hsfma', '54o2p36a']
195	['z3ktkgyp', 'yxkub54e', '04qjro8w', 'y3jx6fvj', 'cfkh0ypy']
196	['4vzdk69c', 'efm6zj9r', '0ml57rhr', 'tdwkxwod', 'p7cbnrji']
197	['cbhlzemx', 'vblfew3o', 's0374olh', 'h26a3h5f', '43om0nji']
198	['5z0xwlxp', 'ga1fks7l', '3w5ouagx', 'sgo76prc', 'pu12u627']
199	['944pn0k9', '32v44sw9', 'y8o5j2be', '4haf8aaw', 's0w95qdn']
200	['rr0v0ju1', '20nozop1', '43joavrl', 'oo6ba081', 'hbyxy4ln']
201	['3kjckx8o', '6xxm7hcs', 'h0q93in1', 'b3m11ppy', 'rfbihylo']
202	['amw2c96l', 'qa1tbu6t', 'dkfohub3', 'rcb943w2', '1uabldiq']
203	['ky5env7t', '25aj8rj5', 'xwax7o13', 'y7lrp0gc', '6sy80720']
204	['t3dzso36', 'q4zuslmp', 'ixhaq0az', 'nxu1xoax', 'rb20ge7e']
205	['nvbt5gxl', 'yx0u0iyw', 'vmmwtdia', 't2gxkxxd', 'qcssljgq']
206	['2f7wqamp', 'knbngla3', '2rx84imv', 'jjiiutd5', 'mnjy6bq2']
207	['wh9vvgv2', 'gruir7aw', 'ngbnnpni', 'qu7ddcw9', 'dng3ef3x']
208	['qnqh7fum', 'aqutzlx4', '6fmc5mbs', '8pz6131o', '8l1vfsbc']
209	['utak6i4e', 'bh8zshy9', 'ub7ilx98', '1ha9cubv', 'g0wujywh']
210	['rr0v0ju1', 'evf9nz05', 'tve01g7i', 'i89fbfea', 'vc0ezpp7']
211	['go0tueah', '33wpjnko', 'r7bmtloy', 'oydib3p6', '1k0xqhda']
212	['d4upbc3v', 'eu1dgkw2', '17km3arw', 'mzekhyu0', 'mpkli2xf']
213	['tgqcnfa0', 'rdmmnnjd', 'jm4dmnxz', 'tlfvjcy2', 'p3cxk8gd']
214	['37gpov43', '4u3v4vyu', '97msfh4l', 'sg1e404x', 'm5s67z8x']
215	['nli8ccyv', 'dyrn6z9a', 'rtus1qyw', '94to2qp3', 'uddwc4tu']
216	['6pruwy09', '94w1sbsb', 'jfxdfbq6', 'v5beddu4', 'ks0zkp57']
217	['svsib7yj', 'b0wy5zz4', '4gxff3rd', '7f33cu6l', 'f60z8jo2']
218	['7fociv5v', '08p8ns2d', 'tov6uq27', 'wku3qrtg', '20lcihf4']
219	['4yi9iup2', '7wz030vg', 'yjsxen4d', 'duqgd4gs', 'h8tv2u77']
220	['1xycng32', '5yscqct1', 's0w95qdn', 'y62zkfom', '8of3u2sc']
221	['wdvuweiq', 'l8zfuhzk', '5b9jytph', 'jjiiutd5', 'ohkki0ke']
222	['3o5c0l24', 'htitgh0v', '2ccxiqea', '5ax78ysz', 'hs9vv2gh']
223	['5a5a8ifz', 'obhm5mc5', 'tkxzhf7c', 'ypls4zau', 'grmsydp0']
224	['8anqfkmo', 'l6kcpnbj', 'x7ybnese', '34y9fx51', 'i3ahtzdd']
225	['foy3dsq4', 'wdfzrzkt', '3urmf3ie', '0iqdqcp6', '8xf8u6bg']
226	['qlwergum', 'rytw6rfd', 'ssmw2jef', 'fmwb9abq', '7hh0pffh']
227	['n5ogyxz7', '195h4ofw', '1vj9p7vm', '36flecmg', 'y12veqre']
228	['ny7wkswf', 'uxz185vr', 'cn0hqvsz', '3i82sxk8', 'ws75gpsc']
229	['s1jrb2tn', 'wpuujmjx', 'sdsmy0bw', '7dk2r22z', 'xwz0470p']
230	['1l4o9pko', 'ml27mexb', 'aakzdkcj', 'iu5ndsxn', 'belhjr5e']
231	['ybjnep46', 'q4aqkr0w', 'fj6l76hq', '2bupc5jh', 'dxrltm25']
232	['egn81atf', 'sni1e160', 'xj2sog1b', 'l3a3polk', 'l57v4wnr']
233	['vvuaegse', 'deas7kr0', '9wn91fj2', 'go5tk6ni', 'mc77aqbq']
234	['us518bwp', 'br0hhzmn', 'ler0t9o0', '8efdzlc0', 'met50keb']
235	['u4doukk7', 'wu2dyleo', '3p8rdaoj', '6t92yhti', 'uitc2tru']
236	['5i0m18nt', '0klbjvrj', 'rqnvo9t2', 'ler0t9o0', '6hl55c60']
237	['eeev3k9x', '2kft1r3l', 'ny6zepe9', '8hz4go45', 'oy46vntr']
238	['8ko7mmu3', 'mja2qlpk', '1vcc1khg', 'y2zcwcic', '92z77upt']
239	['geo7ac5i', '1l10diya', '9kfs73sr', 'me4v1qyr', 'rl5g8iqm']
240	['2xzntu5c', 'o6zww1rr', '1vmicejr', 'j80mp0kn', '01bjz2qq']
241	['6sgeraws', '40vsmpfv', 'zsra2yz3', '222c1jzv', 'fg9cy17k']
242	['mnjy6bq2', 'z5povxuj', '607lsqlg', 'h2sza0if', '2f7wqamp']
243	['zj0yxy2z', 'zecuhkcd', 'eydniusb', 'sxoo9p8e', 'nnxlzxdt']
244	['xokujzbl', '93y40vnp', '06fwhyac', 'k4ttbbix', 'bgsbbszf']
245	['b4161ynv', 'x9veckdi', '2ax0z8r6', 'apx6a4yb', 'mqu6d8sp']
246	['6rpm4phy', 'fw7yp9jv', 'lxq991af', 'mdy40mhu', 'p97kgjmp']
247	['h7ftu3ax', 'gin90aef', '3lzm42wq', 'xtraspw2', 'y43prnko']
248	['nvbt5gxl', '9aw78s63', 'l97yi8l9', '407va85q', 'wf72fra8']
249	['t9hbbqay', '7c77gm20', 'ptnjbhtw', 'deezca5z', 'uqpxs7et']
250	['zp3efdn7', '8uomx7hu', 'est5jx7g', '5c1r2ml2', '3wk58t5t']
251	['mxg2q1vd', 'q23a5txz', 'xshqu7qm', 'jqwoxfsc', '4uieqidm']
252	['kiq6xb6k', 'd2xc1hew', 'ccjzc1x0', 'a66sszp2', 'u6tbu9jf']
253	['umyojne2', '1gbq9j88', '3eu5n942', 'jowowl0v', 'vnyly6uy']
254	['m8xfza1d', '2tax8ajw', 'o78vcy90', 'eczga3ur', '78kbutc3']
255	['foy3dsq4', 'wdfzrzkt', '3urmf3ie', '0iqdqcp6', '8xf8u6bg']
256	['607lsqlg', 'r5v2gi3v', 'qi1henyy', '1iqfm496', 'zqekxlz9']
257	['entkqcn3', 'lrqt2gcw', 'b4dz1lnn', '4hmecfi0', 'w25jpub7']
258	['fxvro3wl', '3fiqpart', '5zn5mgi9', 'od5nnxvg', 'wcq3qqt4']
259	['n1q1wr9s', '69wuny3p', '3lfmmfp2', '9ei6ubx6', 'umg0ms2i']
260	['v1ei9im8', 'mg7dfs1r', 'glpca9u0', 'cnz7jlw4', 'kiq6xb6k']
261	['frx9hfxg', '353wr671', '12yshnt5', 'ogchq8gz', '2kt35rqn']
262	['mup5hr7e', '7aaiyppx', '8vk15klh', '1b5hb0g9', '4img2we6']
263	['5yscqct1', 'mdx41yqn', 'k18k0kuk', 'jw42gokv', 'ru2ty1y9']
264	['me08w1ir', 'td8uwcas', '82hqy612', 'lfqi7jsa', 'lbkjxws4']
265	['0rrhiw9m', '105ezycx', 'kd7s0mqd', 'l73htuz1', '4p6fcy8f']
266	['faxm9rhz', '9vej295g', '01q4pu9k', 'jfvq2gfx', 'c8rgn7e9']
267	['xeb14weg', 'cjfn4dna', 'f2ypnls4', 'lnls2mhg', 'cv6no7nw']
268	['lm73oj21', 'b7w2n36j', 'nvbt5gxl', 'dt8h6a0v', 'ocl5qf9o']
269	['efm6zj9r', 'isniqv6b', 'pkoux9yt', 'uqpxs7et', '7tqxng6p']
270	['oud5ioks', '1adofojj', '2l883zhe', 'dt8h6a0v', 'ml27mexb']
271	['ef3warsh', 'x9sfgtim', 'ropgq7tr', 'q4gattkk', 'gin90aef']
272	['2aoyzj2b', '5tdmh0ac', '2yrgy2y2', 'd0cd89hs', '5t5l5rrx']
273	['u3832seg', 'rztwiflt', 'gw9hkw00', 'mo3y3mau', '7zshbsww']
274	['9b6cepf4', 'ordof7g5', 'f96qs295', '30pl5tx3', 'y9fqa20z']
275	['grccu4kh', 'kjr6dcqv', 'pva0xii7', 'n0p8osku', 'iz6nrfpc']
276	['nxu1xoax', 'aakzdkcj', 'onlly1ga', '1l4o9pko', 'nwifmuu2']
277	['o1xkgkn1', 'm0598zrc', '3m9yonqe', '1ov3eydq', '5detaogc']
278	['u0jddsup', 'o476dtgd', 'te0v91nr', 'hn6clwoj', '3jnhboif']
279	['lm73oj21', 'yt2fp8zl', 'dt8h6a0v', 'vrjibtfi', 'mo23hpe1']
280	['9f5i6crg', 'gruir7aw', 'h2uc7ria', '9x5k7we8', '7j4i6eud']
281	['855atuue', 'dljqpvyk', '12yshnt5', 'y8puocsa', '353wr671']
282	['65n6p550', 'tlr243il', 'jnwuu08w', 'geo7ac5i', 'w49i0xkz']
283	['ozbmgd70', 'zdfx3zo3', '3wo90f5u', '14alhxc3', 'lmo2t4ho']
284	['ko42qlzr', 'u2kjft6q', 'b0wy5zz4', 'ws3tfs1j', 'c9fg1ni6']
285	['9gl8g08y', 'mjvst2is', '3p3qqrtw', 'c00jgkpg', 'p3clfah1']
286	['7iuls8x1', '6ajmuuld', '6274gicp', '1hlqov6m', 'nk8m2dxt']
287	['dx53hxej', 'c2a07zg0', '4b6jrycu', 't1rtrbtd', '5gq0wqej']
288	['o6dd2vu1', 'mkgszhkk', 'uhkff67h', 'bhjwd01o', '8hchfgx6']
289	['lty6oq3d', 'z9jqbliw', '5aev7ltr', '0oq0xmzr', 'bv7hvc1e']
290	['t1vom8f3', 'hvp47bm2', 'kjf63oug', '3jnhboif', '36flecmg']
291	['dfl69g4f', 'si5mxgrk', 'hw2s28hs', '3ubithu4', 'lavcsqov']
292	['pw51kd1r', '8d6vcqr3', 'i1yf8fgk', 'ragjcn97', 'y2ezdqhr']
293	['f3mvdpq1', 'b5eve7re', '7pqy0ejn', 'sgo76prc', '05vmhjjp']
294	['toy8i1lm', 'tz2d3lff', 'qalficgu', 'ngbnnpni', 'wb601nx8']
295	['xvctmmzt', 'lh18omnj', 'f0judfwn', 's4xintwp', '2hbcbvt6']
296	['tzdgc3dw', 'dlwwcryb', '94w1sbsb', 'fnojlsnj', 'h5xvrtfy']
297	['yxu6d45m', 'fw211spn', 'sgj526ne', 'n9nh9k40', 'wf72fra8']
298	['x7ybnese', '0bh8i14e', 'uohbxoeb', 'no45mgyd', 's4xintwp']
299	['lvvw1npq', 'nhkd88yv', 'fbsrggog', 'gof2of9o', 'yuv6w9nt']
300	['mnjy6bq2', 'g57r3son', 'knbngla3', '8iqs6jko', '2gjo4oqn']
301	['y43prnko', 'ebfhlpcg', 'ys7vovie', 'y3a4czk7', 'ovel2jln']
302	['spfc0fc0', 'gha1wg4w', '6fpw6y8t', '64qt0w2a', '0oxo2awm']
303	['7kxi7px1', 'gunn55f9', 'yztfkwkc', '4qgfjczw', 'o7qibwzj']
304	['la2wvnb0', 'ikz8ui8y', 'q54el8tf', 'np1y2fkt', 'ioclf03d']
305	['vg96f35h', '5y6gjl2t', 'ijoyk390', 'fq5nayxt', 'wtqwghon']
306	['qpzg8lam', 'prqrsb3c', 'x9zg7ulr', 'lzwgyzdp', '4jjuwc9r']
307	['te5qq8nd', 'irgnrr0j', 'msut5gyc', 'd6wkv2rc', '9eu792zu']
308	['oa81rhdb', 'dyxyab5g', 'cpfnva0v', 'h8tv2u77', 'fjuehj70']
309	['isxasd9b', 'zghh0zbd', '2u5zxc2i', '5nsayxwc', '9ige2pwd']
310	['pscw933i', '2l883zhe', '72jwlfqr', 'd21lvneh', '9wnkmn27']
311	['8pli09ym', '3sclz1lq', '5xon5yb4', '1mz44ole', 'lns8to8n']
312	['8hkxbxz9', 'hgpiig0g', 'kokfufba', 'vuxxerob', 'mwj0xc3q']
313	['ga1fks7l', '82hqy612', '52jtd51o', '05vmhjjp', '7pqy0ejn']
314	['si5mxgrk', 'ez1l3m4o', 'b8c309hj', '9k0haiw0', 'g1tjpc9z']
315	['ok33bqqg', '4et61my3', '1wkpkh84', '2tax8ajw', 'b9b6ww9q']
316	['40ej9jg7', 'u92vlatc', 'g0f4opa2', 'noale9n1', '8mxj44n3']
317	['eztw9tx6', 'uwc67iw1', '80t2ovkk', 'frr4vu0w', 'p1ayih2z']
318	['9ds4ot1q', 'ci0hmkjk', 'cp6xu2ox', 'myqli11j', 'ngzjvjlj']
319	['zue5hnal', 'j7iis8h2', 'lkb09vs8', '3km6yfr6', 'u3832seg']
320	['5nyc1cn5', 'tf5a48i2', 'pmd78j61', 'spohl5ey', '6gj02k04']
321	['bdb9g77g', 'nd5r4yt4', '2qwv6wzq', 'u66awao9', 'a0rvtsog']
322	['fqk8rmiy', 'olhgu24h', 'pbhvq1nh', 'u999bx7a', '7s79900j']
323	['8hlhp8i7', 'hqjphv5g', '5nr3j1ew', 'gihjcu73', 'roz3qo2j']
324	['5kz2s7ag', 'j7ltjn4k', 'ppuki7qn', 'eomtjrgc', 'h4sbz3md']
325	['us518bwp', 'w1pv8dsg', 'pocvjjox', '2w68g7cv', 'gr14udp8']
326	['h2u5w4a8', 'dsfbmhbj', 'gha1wg4w', 'wpabett8', 'xvpn9dvf']
327	['8vx56qlk', 'tpic8ddl', 'rcrok8lr', 'yt2fp8zl', 'gi21di4d']
328	['6gcahsgs', '9xlp5uuc', 'vbx8khih', 'ifovibzi', 'dhy80rkn']
329	['s3mczqvx', 'hg1q14gw', 'y42gcbj0', 'ykxr9q1j', 'ihq8gdwj']
330	['3iz0ozpx', 'yxe19kwe', 'urazxa6x', '6j9x3pn5', 'bpnqz1cn']
331	['3xvphg52', 'kuvdbr09', '2lap3xy0', 'tra5ewc5', '10dkpj5h']
332	['bzeqs5oh', 'oud5ioks', '0bh8i14e', 'd6a6nagk', 'onjgfr4j']
333	['hqod7v2l', 'y98m15aq', '1ktrjzha', 'il5307pl', 'v3lcyzj5']
334	['2p3l08n7', 'ptd57hee', 'c6p7hgh4', '4p6fcy8f', 'km0yzqqq']
335	['iuy5a0bk', 'eie9cozf', '4gj7qdtw', 'unl3n0tn', '89x5h0w6']
336	['j7iis8h2', 'extp8epx', '7ruoysxu', 'dczcruim', 'x3z7utn4']
337	['ax3e82js', 'ultl3rpu', 'jiunpwz9', 'r76tqrwz', 'o1xkgkn1']
338	['ocguwlam', 'u1s6ciy4', 'plwoof39', '5lzixulv', 'oyr4klqk']
339	['w0ebmg16', 'dt2pew66', '80yu5aiv', 'm2z6k2va', '0cnjtxyq']
340	['doi8buyw', 't019zx7q', 'q04yqjfe', 'c82i3u0j', 'okfsy72o']
341	['9169o29b', '1l3b0hqj', 'pm3ck1gk', '3fiqpart', 'lvrdgpyr']
342	['djev6er7', 'f60z8jo2', 'ksf2tpdw', 'jpby8m6r', 'li5cw8xx']
343	['1uabldiq', 'h4sbz3md', '9uxazk87', 'dkfohub3', 'ssdqobqb']
344	['qv31t2vh', 'kap7r6de', 'pindjvhk', 'fu685z9a', '4pyx0xps']
345	['e37oh29c', 'ykxr9q1j', 'ylqpkosd', 'j7ltjn4k', '5qhc4z2t']
346	['65fwicjz', '2ytec133', 'hbkl5cam', 'i1yf8fgk', 'iobpcfs5']
347	['rlvfk8w8', '2aslzgdk', 'vu7bq4b2', 'ypp1foym', 'e7d6sezr']
348	['0iqdqcp6', 'drb8ipix', 'wxor6kg3', 'sfm82h0g', 'd78zcfls']
349	['edz3up3a', 'sgiuqs6z', 'jcp3u4mf', 'yy77zuu4', 'fdkt6moe']
350	['x9sfgtim', 'ropgq7tr', 'wtovv1jy', 'nom4z0tv', '9gn4jcu9']
351	['h1mo3bs8', 'ckl3v2jq', 'hpj8gb4o', 'pfb3l2u3', 'zouscolw']
352	['ivxvry3u', 'b7w2n36j', 'zqzs6vtf', 'tq2vdo88', '7th3d6wk']
353	['sm0112e3', 'u31ixcwa', '2qwk2z22', '40dsvwyb', '0lk8eujq']
354	['ximw03ej', '5yscqct1', 'w1bx4a7v', 'h2sza0if', 'eay6qfhz']
355	['uzc6r1jr', 'xutbbxpr', '0kqlxx26', 'x1uc10m5', '6kbdxhxv']
356	['u20e82de', 'zkdk2v5e', 'wzfvqj6m', 'ruwmeau5', 'v72mveyu']
357	['eo1uz3g2', 'acyexmyq', 'vxv7pq8v', '1z1tces3', 'xuiswu2l']
358	['9s63qogv', 'q6svfacf', 'asphtor7', 'ysf5k0ky', 'hi4a02kw']
359	['cfbj6ize', 'xj1nw76b', 'nvebqwwh', 'a40yhtqk', 'nz976qc6']
360	['b5eve7re', 'y04dub8o', 'lq1qndxg', 'kutc6ts0', '3z9ubx09']
361	['k6cumncp', 'rlr17nah', 'k8xp61uu', 'l6lhmb4j', '9xxv8a2d']
362	['pq6c0zia', 'y3c478hf', 'qxy2p79x', 'nhy1ofwa', 'cc23zega']
363	['x11ntaqf', '1nqbqmum', 'dti9o5x3', 'xli7wyg4', 'zsygn29p']
364	['joy8utv1', 'e0pz0z4j', 'zghh0zbd', 'y1uk8yfa', 'q8l3ra55']
365	['ck338ifc', 'td8uwcas', 'mlrq0rjf', 'rnfh9v1h', 'mx534xbx']
366	['gtp5daep', 'g57r3son', 'w1bx4a7v', '2r0a357c', 'ax87r0bj']
367	['3udfl0a2', 'k8xp61uu', 'i6qoo03c', 'yn2nnzh8', 'a2voobqa']
368	['geo7ac5i', 'gtp01rna', '6sy80720', 'la9zgtzb', 'wqicq5ry']
369	['fasjkg7r', 'ckorpogz', 'o3cr0xvm', '1992wisb', 'tplp90or']
370	['twlupt3x', 'cv6no7nw', 'hvy73er8', 'adhj5e5s', 'br0hhzmn']
371	['zdlbsuys', 'lnnsxwk2', 'tl16qf33', 'eecwjrdc', 'dfl69g4f']
372	['79sbtnhu', 'msra1ghp', 'vk6rms29', '3jolt83r', '9g0lo2e9']
373	['ai60maqz', '2bupc5jh', 'dq3qunwe', 'lvrdgpyr', 'xtraspw2']
374	['oc7koh6s', '9hzbi2yi', '50dmclk4', 'vn3g9qww', 'h2vct9h5']
375	['8rgpr2lo', '0vwspd6l', 'akgsbxol', 'p8ckcvyj', 'sxi0tpsf']
376	['riltam7g', '4qp083h4', 'sdg65ple', 'qp3cjql9', '9exmyy5a']
377	['td3drkgw', 'upf0ecx7', 'mf73oqp6', 'gg5c8v7d', 'k3mz6lf1']
378	['k8vjv3zy', 'it0yy25c', 'fbcu88lv', 'ok33bqqg', 'auy3c2e0']
379	['1ufwrgc8', 'nvphu1fm', 'iez1j9jn', '7t7ho26v', 'jdg8gsve']
380	['ex6dyr77', '72jwlfqr', '7b7on38r', 'afm47u6d', 'p3yxqgpp']
381	['xvqemhnq', '0njeeoc3', 'r5fdn7uz', 's6sp3rme', '33wpjnko']
382	['styavbvi', 'tdwkxwod', 'r9y0dh9o', 'l6ksaaaj', 'p7cbnrji']
383	['b31ctbat', 'un1wozy8', 'm2bmp8s8', 'vvxfq84h', 's7sq53zy']
384	['atwx0a2s', 'db8fl9d2', 'qdw86v8i', 'ike8mgh6', 'pjhu8xdh']
385	['06fhiu9q', 'dngs5tbw', 'ldqy66uh', 'slzh6uay', 'zd7a5v4q']
386	['kxx3szjq', 'vw8a1994', 'vgmzb03s', 'ijoyk390', 'ja4oo96l']
387	['q41elfwt', 'k6ensjlf', 'w5rk8luy', 'wmeikzxs', 'hed6x22m']
388	['ca3h96bx', '1m1hi735', 'vndj6f7w', 'vjtwipu9', '5azti19e']
389	['rb20ge7e', 'nt1e70dv', 'ljlsvc9h', 'x73moqog', '7xnga86x']
390	['fynl88p5', 'wtqwghon', 'g15tvzn4', 'fq5nayxt', 'k30wvnx8']
391	['xxlvyp5c', 'n3nwra0o', 'sg1e404x', 'ai60maqz', '1vd4j3qc']
392	['35meen0h', 'reigmh19', '93b2ivio', 'nqahx56j', '3xup6glg']
393	['ql9cfh1j', '2x2n8blg', 'fqya0vnh', 'rnvc43go', 'oyplh9cn']
394	['yf3z913h', 'sg1e404x', 'xxlvyp5c', 'n2rec4i8', 'ebfhlpcg']
395	['5xki1ulf', 'ubomj70f', '3s3tzfnn', 'ka2kyqmk', 'v2gsp5ui']
396	['q55l1chd', 'ptnjbhtw', 'gtp5daep', 'n040i865', 'jtn3y35w']
397	['xtmn1n0r', 't0iw2vod', 'hqapg5ow', 'umvrwgaw', 'vkr0766i']
398	['t3vuwghp', 'g1u9yhig', 'jbpmbm9m', 'vx1hjh26', 'dgcawqyk']
399	['ud8nmm7w', 'z5jbjx59', 'hz5vigp0', 'u99omznb', 'k7vjqzx1']
400	['ujy4i5uu', 'bccrvapy', '2lk2vm5r', '5nsayxwc', 'km2uxj9p']
401	['kt6rs1zo', '43wbbris', 'l6zsf85e', 'qeqd4soe', 'isxasd9b']
402	['4rzttwyp', 'whkfvd7l', 't3xd28ly', 'etriddkx', 'rcdoewwv']
403	['hsimf7wt', 'b4161ynv', 'rwk954dx', 'ragjcn97', 'f0wpsaip']
404	['l9lj98b1', 'bgsbbszf', 'jyxrk9bz', 't7bonus8', 'd81rq6b9']
405	['vqswp96l', 'rn8eezep', '2i7zd1t2', 'prn7t499', 'pzqmg22v']
406	['vkr0766i', 'unl3n0tn', 'icejfmzr', 'od0y5ruh', 'mnjy6bq2']
407	['zue5hnal', 'iu4p5k0w', 'eay6qfhz', '0cnjtxyq', '2bpyvgv7']
408	['vdfnrh9k', 'e1rl383p', '2u9eenwu', 'b3ntww9i', 'hhq50mrc']
409	['uxz185vr', 'efbj3uur', 'ny7wkswf', 'ws75gpsc', '3i82sxk8']
410	['wgfdd3lm', '54aruvbf', '3tfof5nd', 'qdmkx03t', 'ksvw62gl']
411	['5t4twnpm', '4mat0psy', 'i9jrobdb', 'yn2aylru', 'r1tl2hrk']
412	['kfsuiz5t', 'eo8rbcy2', 'bf42staf', '32v44sw9', 'cu8ruz59']
413	['mkgszhkk', 'ra2njvcz', '844229sb', '30pl5tx3', 'uhkff67h']
414	['tij7lakb', '1nqbqmum', 'eza5qh47', 'uliopaz0', 'i3iy8ax9']
415	['1ujphwmi', 'uef0bbh7', 'sb5ce0g3', '2v6zigt8', 'mfyurey2']
416	['ohkki0ke', 'a0q61mpi', '92z77upt', 'xtmn1n0r', 'usyduiti']
417	['ukca8cqw', 'tvzn0112', 'iobpcfs5', '7kxi7px1', 'u6b8iwr0']
418	['q1ay1u90', 'v0frkv96', 'unql24hw', '58r5wcwd', 'ptnjbhtw']
419	['geo7ac5i', '65n6p550', 'ixvsemvw', '1l10diya', 'tlr243il']
420	['3swdnn29', 'plwoof39', '0r46eacc', 'cyfdvgvy', 'hnj1jqr1']
421	['l1rnnebt', 'dp274ls4', '059oj76m', '5sauy21h', 'sjqt01gr']
422	['x9sfgtim', 'ropgq7tr', 'y43prnko', 'w3ls1d7w', 'dhd9e9bn']
423	['8i2ryrfe', '75cnqi4v', 'mldwnz43', 'x0kcrmol', 'fquzwsiu']
424	['f6i46t3h', 'ubvdzjkw', 'vqlnd5rx', '94w1sbsb', 'y2739974']
425	['myqli11j', 'ic2h01gm', 'zz4cczuj', '626ch774', 'rv26qfmf']
426	['fdn6h4gi', '9a27s0zn', 'ay69e8ad', 'geo7ac5i', 'x9lxyrgw']
427	['kp4j9snc', 'hltkddac', 'lcqxrcji', '2mtuw7gb', 'ykl0xmta']
428	['vymre7uv', '0u14wypb', 'yjm6asp5', '9wnkmn27', 'r4q0zqam']
429	['9phgag8q', '69ly7gp4', 'ec6ov0jw', '2h3fqcs0', 'tug2t7dm']
430	['1gv3t5t0', 'kugpzkyx', '9th9mm7e', 'u66awao9', 'fo815n5l']
431	['lm73oj21', '1l4o9pko', 'iu5ndsxn', 'onlly1ga', 'aakzdkcj']
432	['7vadpp3d', 'u8ptvem7', '1pg77f6t', '2dvljm27', 'bgn6zrer']
433	['yhmcx7ae', 'uk0hlynp', 'rjelshrp', 'p71adezi', 'do5qr3ya']
434	['whkfvd7l', '3o7rd8pt', '1daa6fte', 'i9nchww2', 'ksgdjdh1']
435	['9qklnvyl', 'du7ba2ky', '5tkyir3r', '3ehm118t', 'gxvaric3']
436	['0clp6zt6', 'cg6v3yma', 'zue5hnal', '5z0xwlxp', 'umvrwgaw']
437	['iu4p5k0w', '92z77upt', 'xtmn1n0r', 'ykfidmzv', 'a0q61mpi']
438	['g5sw7t8x', 'imivfkaj', 'n2ozusvz', '8gogju5n', 'tl96mvyu']
439	['fk16k9ts', 'w62rqn2p', 'g914ir8h', 'irk1gxeq', 'obccuv08']
440	['supf8vel', 'hfk8nikl', 'ml8j19l7', 'pa000mr8', 'a40yhtqk']
441	['2iupb6gj', 'oo4zwcdb', 'zv351n3d', '4fgeb27a', 'o9mq3auf']
442	['s2hp3sat', '848jmwgc', 'ykxr9q1j', '4p6fcy8f', 'jgq968f6']
443	['4udv0zkw', 'vjntos25', 'jokte2ik', '7env0mf5', 'yr69ctrj']
444	['soa71kwx', 'dccymlie', 'eu2vjpw9', 'vmmztj0a', 'ftxgcgkb']
445	['rr0v0ju1', 'v4y49n7i', 'fjuehj70', 'qalficgu', 'rytw6rfd']
446	['5zaw2iot', '35nshnn2', '3w5ouagx', 'pxo5uh4w', 'dlwfu274']
447	['hzn3qus3', 'wijqiktk', '6nt6msrm', 'ls4qfvwq', 'r0nmq9ne']
448	['qbj8n8h6', '6a728le9', '1blzi9r3', 'gtp01rna', 'ge8o93rh']
449	['s01g5wxg', 'n5ogyxz7', 'm847xdzk', 'zu5mg2im', 'e0pz0z4j']
450	['b0545v23', '7m33mjl1', '31idktk7', 'wrzmgnrb', 'z795y51f']
451	['c9o7kbv5', 'hhswage4', 'yrowv62k', 'oo6ba081', 'vgffg4c1']
452	['2yka2luy', 'a0q61mpi', 'jnwuu08w', 'ohkki0ke', 'ml8j19l7']
453	['121p2shq', 'c5be70t6', 'li8kvzdh', 'dccymlie', 'bvzi49hy']
454	['hnx43l5c', '2qcuygax', 'awh8y9j8', 'k457kqlo', '7pqy0ejn']
455	['5i0m18nt', 'w3zic0on', 'l07q84ni', 'xz7yzr2f', '3rat1lsp']
456	['stn5gl2b', '9kq9o5wp', 'q473xazz', 'g4nto9kf', 'c9cenvt4']
457	['ruegzkoo', 'nswj8x43', 'uifnjio5', 'j0bu0upi', 'ix4zo0ha']
458	['vblfew3o', '8aosx41e', 'irhizn0b', 'fwbabb3a', '3qgwoblb']
459	['d4upbc3v', 'tyqeguyf', 'wrzmgnrb', 'nrc35akc', 'zmxmo1q8']
460	['b80todl7', 'gme1zk3n', 'uk6whrhz', '1fzqh9mb', '8flh54lv']
461	['h73m17lw', 'yi2m5ukw', 'dlwwcryb', 'deezca5z', '20xgqvxc']
462	['t3b2adct', '9rczqcaz', 'rzoatp8v', 'ca3h96bx', 'lg6qorv0']
463	['svi7syld', 'sxi0tpsf', 'ohkki0ke', '7s79900j', 'fq9g84wc']
464	['g4i4hkhz', 'lkb09vs8', 'ghabnnv0', 'pebu7w9m', '353wr671']
465	['tij7lakb', 'uliopaz0', 'zr4pw0e7', 'xochpgld', 'ks0zkp57']
466	['s0ca1r5s', 'nxu1xoax', '2v6zigt8', 'roe6g61u', 'jz6o9gnb']
467	['me08w1ir', 'td8uwcas', '82hqy612', '5lqjmqu5', 'h9nzxlaf']
468	['ledopkwj', 'hapu56t4', '1m1hi735', 't3givxiy', 'n6p1w415']
469	['f15foaf2', 'vprj63y2', 'yr69ctrj', 'hpcqbohs', 'bgiyvqgw']
470	['jz6o9gnb', 'dqhdws5k', 'sygm6irl', 's0ca1r5s', '65gedo6u']
471	['4p6fcy8f', '5zn5mgi9', 'ykxr9q1j', 'od5nnxvg', 'gqwwfpch']
472	['e0pbs354', '7s79900j', 's2hp3sat', '7y6ok9a2', 'z807g8i5']
473	['nnxlzxdt', 'uk6whrhz', 'xl9rwld2', '0bjl60gl', 'npd9wz3u']
474	['9ud32cvb', '6hnts5l2', 'g17lp8ch', 'azr73w2w', '9ex61dl5']
475	['mu2vqjnv', 'hh7lccet', 'o4vvlmr4', 'cr1rvy8u', '43wbbris']
476	['hib9l7yz', 'mlozjg9h', '2t1zzigc', 'hxh085w7', 'w1azm2mc']
477	['pvrp8u8n', '4vjpu9t1', 'xltcax0k', 'ihlkhh2d', '7cbxp6q5']
478	['rytw6rfd', '43joavrl', '306381wy', 'gdcqu3nb', '1mx3jrup']
479	['imte5ong', 'x4zzt9oe', '3wg6flz0', 'xxeyogwd', 'xld7ztx5']
480	['8cvjsisw', 'l375v2my', '0oxo2awm', '9ige2pwd', 'e9j4b00a']
481	['n3yuvf8v', 'wgfdd3lm', 'q3db7v16', 'wslsqytj', 'kyt14ufu']
482	['ppuki7qn', 'y6ufb4l6', '1peg3502', 'fdkt6moe', 'eo89w6qp']
483	['ra3clbbr', 'o29hjkca', 'lgflny84', 'ithv0k5k', 'yo815hnj']
484	['y349r3r6', '8so80bf9', 'pq571myy', '9h4zzo5q', 'xmd8fh95']
485	['g9r1fdm4', 'n5qfwl57', 'fff0swre', 'blqukxw1', 'lgtpeqhw']
486	['h26a3h5f', '43om0nji', 'zrjvpoq0', 'ihgxtu8g', 'ledopkwj']
487	['4a7fzrxg', '1syeo6ff', 'wda18u55', 'r5nzz1j0', 'yq6jhupe']
488	['b9b6ww9q', 'ngywgodg', 'bh8zshy9', 'g4nto9kf', 'rgmkszfp']
489	['1l4o9pko', 'r76tqrwz', '2l883zhe', 'aakzdkcj', 'mo23hpe1']
490	['1iqfm496', 'hpbcwiwf', '20xgqvxc', '1zp73mvu', 'dgcawqyk']
491	['9195zweg', 'n1q1wr9s', '9k6uqs2q', '8so80bf9', 'hxh085w7']
492	['je585xia', 'be4afbyo', 'dgng39yd', 'zq9ehv7a', '0rsbmh48']
493	['yu2qzp18', 'iy1enazk', 's8oq2sj8', 'cd7cfpx3', 'vl7eqzu4']
494	['znainceq', '122yi9np', '5w4cc534', '9g0lo2e9', 'v1egyqt4']
495	['hgvqjtfa', 'hunepli1', 'wubcq0xx', '03efdea2', 'ujq9mxk7']
496	['2tax8ajw', '4gr6i8rf', 'gjo29e21', '4vjpu9t1', 'eg5snpzs']
497	['vxavox24', 'j23pvlj9', '6zfpcm4j', 'ukca8cqw', 'fmgj3noh']
498	['faue5ywu', '7a7oi5dt', 'yaedocvp', '09jbs6mx', '9ok153yl']
499	['x88qugn9', 'm4hwwhux', '7gqkyq1j', 'ow1n47ui', 'rcdoewwv']
500	['tv6t7v34', 'xzps65et', 'x14iywtr', '6teavsk5', 'xhkjbeam']
501	['ej9qbrt8', 'u6a65x9h', 'k886vcj1', '4gr6i8rf', 'mcw3ir3a']
502	['7wz030vg', '94w1sbsb', '9exmyy5a', '9pei109o', 'pbb9nrba']
503	['zoipx650', 'smagtwzs', 'ragjcn97', 'zbr3kfv2', '0ojzssli']
504	['d4eae8g3', 'cvkdpnn3', 'hg1q14gw', '5h54azyy', 'tyqeguyf']
505	['0gier0lu', 's6u194yd', 'ozj6zju8', 'aq2iz9tq', '8jhwamfv']
506	['u8mu4yga', 'xtraspw2', 'w1bx4a7v', '1s8jzzwg', 'sxi0tpsf']
507	['7g7sgabs', 'r1tl2hrk', 'vjg00epx', '4xs9avr0', 'vsphu6ih']
508	['rb20ge7e', 't3dzso36', 'q4zuslmp', '7xnga86x', 'ljlsvc9h']
509	['djev6er7', 'q4zuslmp', 'j1o86xp9', '8l5i1z27', 'cv5th7hd']
510	['xvctmmzt', 'qn6wawxk', 'dsz66r4u', '1aruw47h', 'v77n1vbf']
511	['bh8zshy9', 'gxu62u9i', 'y203109o', 'g0wujywh', 'psaq958v']
512	['dij3wy6q', 'oyr4klqk', 'oud5ioks', 'ax3e82js', 'a40yhtqk']
513	['93y40vnp', 'k7smwz6w', 'm5s67z8x', 'byvsuvn0', 'mzekhyu0']
514	['so6irh9b', 'r7aqsyfl', 'oi8epg9m', 'amw2c96l', 'qa1tbu6t']
515	['lr5lumdr', 'a3efmczu', 'f74g59b0', 'l2i3aa3k', 'atloc9th']
516	['nzy970he', 'isk5cu0k', 'sjkni2uc', 'd2s3170w', 'b97acsgn']
517	['i9jrobdb', 'jjgfgqwg', '4mat0psy', 'solieify', 'zew4tzy7']
518	['tq2vdo88', 'zqzs6vtf', 'onlly1ga', 'qeqd4soe', 'jiunpwz9']
519	['7f33cu6l', '5zeqfohd', 'ocxl6cf4', 'yhun6hid', 'pfh6nm9r']
520	['dqhdws5k', 'm0598zrc', 'o1xkgkn1', 'aakzdkcj', 'ax3e82js']
521	['ky5env7t', 'ws3tfs1j', 'xwax7o13', 'bqdvx458', 'tov6uq27']
522	['yr69ctrj', 'vprj63y2', 'on1y4mdw', 'd5sxycaw', '1ik8lrid']
523	['toy8i1lm', 'wb601nx8', '9bhi3rqu', 'tz2d3lff', '5sss52fz']
524	['y8i60bm3', 'g6kag5ij', 'jctz6fbg', 'y9urkfnt', 'lafh3w44']
525	['ifovibzi', 'vszlmtf4', 'etokw9j7', 'ybpce7dn', 'zv351n3d']
526	['f6sm0w9y', 'v34r4tix', '6j45mmjh', 'vuxxerob', 'djt9sb1q']
527	['xtraspw2', '9pb2eqoa', 'itxde5mw', 'w3ls1d7w', '2rx84imv']
528	['9mact9br', 'hnx213kp', 'i9jrobdb', 'yn2aylru', '4mat0psy']
529	['e0pbs354', '9169o29b', 'asj7352n', '7pcnf2iv', 'svi7syld']
530	['j67qgjbj', 'b9evh1l2', '7momt81r', 'c4h0x85r', '2vs7geu6']
531	['1s8jzzwg', 'z86g8dzs', 'h7ftu3ax', 'rpwmcqbg', 'qsyqnwn5']
532	['cj82xu0w', '39u1luqn', 't90pvtad', 'pfvf8ujb', '94w1sbsb']
533	['ocguwlam', 'u1s6ciy4', 'plwoof39', '4wbkis5w', 'and9sood']
534	['ykxr9q1j', 'lpoxaetv', '307rt03e', 'opckeugf', '95e1kuux']
535	['zjur5j95', 'f6vau5s6', 'y4rhmd8t', 'alc0jsh9', '0x3uihto']
536	['cq6mivr9', 'yn2aylru', 'o3bp0837', 'eu2vjpw9', '56zhxd6e']
537	['e9ba18fn', 'l3bruaeh', 'yv5nepnc', '0u14wypb', 'auvehdq5']
538	['ueb7mjnv', 'bwmpamea', 'yoiq6cgt', 'r6gzbnu2', 'uk67ac2r']
539	['gorp9n1g', 'cfi5zhgu', 'dwcu6vyp', 'kyoa5gsf', 'utgnwox8']
540	['5dbuxvc4', 'q4m2uj6r', 'kmwfce00', 'car394ou', 'fe42i4pf']
541	['hws1e4tv', 'f07go7nh', 'wwt7mn55', '2bupc5jh', '54aruvbf']
542	['3u3i5myh', 'ijzoa0yn', 'a4klrp3h', 'ruewzstg', '1iago9rr']
543	['0aqww7cz', 'pdd5wepz', 'gvtp8s8b', '72jwlfqr', '3qgwoblb']
544	['1y79i676', 'yf3z913h', 'tgrh7ap4', 'ho6qjkyr', 'xxlvyp5c']
545	['49jkx2hc', '1gbq9j88', 's4cfdgbv', '9wx4ltyd', 'jz3gnise']
546	['kdxoyvsv', 'v7szuzfa', '75cnqi4v', 'akbq0ogs', 'mldwnz43']
547	['aaxhrecp', 'yx0u0iyw', 'ocl5qf9o', 'wqu8dm15', 'vmmwtdia']
548	['gcsew8u3', 'bla8a6uw', '52lf5gzr', 'mopk56p5', '4pfzwcjt']
549	['zu5mg2im', 'iz74o9de', '4pcv1i3i', 'v2981aa6', '195h4ofw']
550	['hhen3xjx', 'vj2z52vg', 'l4o7nicc', 'ptnjbhtw', '6ovv79ia']
551	['um4v5qr3', 'dvj8cfw7', 'tlfvjcy2', 'est5jx7g', 'aaznc5qi']
552	['5d7erbr4', 'tpswy2g5', 'rzahax88', 'q4q06pzc', '4vtad2ve']
553	['vs730te0', 'qv1xdqau', 'h9nzxlaf', 'deezca5z', 'qfq1nfcn']
554	['h5xvrtfy', 'nerxtetr', 'qhrwngde', 'hgpiig0g', '9getsuci']
555	['8dbjycgt', 'osrqh33g', 'cn0hqvsz', 'ym5my5st', '9e9fyarm']
556	['uto9q6s2', 'qlwergum', '3mfwweyr', 'sjsaw6yv', '7wz030vg']
557	['iz74o9de', 'jisznsr3', 'byh09alo', 'p7foay4k', 'j0sr3ifq']
558	['8f83k2ce', 'raw2mt47', 'eapwqsrc', 'pzqmg22v', '1vj9p7vm']
559	['c3a85ld0', 'vpoqfm7d', 'ebgu29uh', 'hp62t734', '1tlduxz2']
560	['qdw86v8i', '33wqmdnk', '2tre0wat', 'e63j8gci', '4uieqidm']
561	['ywi0a8s1', 'xi17qo6z', '6hl55c60', 'gdbr8zwr', 'l07q84ni']
562	['abmrgpbm', 'flqdf8vd', 'y1uk8yfa', 'eyhtf6mv', 'e0pz0z4j']
563	['2v6zigt8', 'aakzdkcj', '1l4o9pko', 'myeiu66g', 'cntmsia6']
564	['9eu792zu', 'e8fhlo37', 'g1w6w5tm', 'jk5tczo0', 'wbsl6n67']
565	['ny7wkswf', 'uxz185vr', 'aj885nl0', 'tdwkxwod', '0g3pro4v']
566	['x4ix852w', '10lun7te', 'yhyeywvc', '8qcovhtk', 'dsnniuo6']
567	['8lnjbxe5', 'ypqusgs3', '5zeqfohd', 'tvhn7lnu', 'cj3cpn5j']
568	['1nk1t5qs', '010vptx3', 'w2c01295', 'mgtxchud', 'unnrflmr']
569	['o476dtgd', 's4xintwp', '5lzixulv', '6zfeeuy3', '0bh8i14e']
570	['em2uatlm', 'wr4r7jd8', 'ragjcn97', 's96beqsh', 'pdiyqdb3']
571	['ufzjvdho', 'jo489zm2', 'x800xxj2', '98t617oo', 't0pnlikx']
572	['265cgz94', 'lvrdgpyr', '4ghn6zbd', 'sljh3o2k', 'wcq3qqt4']
573	['3p31ei4k', '3wg6flz0', '50dmclk4', '330hn7ap', 'f2gsqyv9']
574	['3kde69wy', 'ml8j19l7', '7rsp9vu0', 'gtp5daep', '0gxjjqpd']
575	['dgng39yd', 'be4afbyo', 'fz14yjvm', 'fxvro3wl', 's19w1p2i']
576	['5s1zz2lm', 'nvebqwwh', 'hd0axs5o', 'uoa7ug6f', 'uexahhdr']
577	['e9vvjv8w', 'lzgwxshi', 'pjh2lr22', 'zpqgz95r', 'apqzyln2']
578	['pmd1n2l1', 'v3h2nxpt', 'yqx0xqz9', '7e0x1525', 'i2anrjmq']
579	['dqhdws5k', 'sygm6irl', 'trmwm9qq', '9aw78s63', '2l883zhe']
580	['m8xfza1d', 'tzp03hmr', 'yhk50383', '4gr6i8rf', '73oe5as9']
581	['q1yn89cq', 'x34ygu8i', 'nh4dw75x', 'xwz0470p', 'y2715f19']
582	['vblfew3o', 'hbyxy4ln', 'o43e6aid', 'r66vfirw', 'j81mq3nr']
583	['k3vs6vhz', '6bbqvkvn', 'ziyzdcmg', 'tve9hgsq', '39dqjlly']
584	['y6zisciu', 'x7ffgtrd', 'dlwwcryb', 'umvrwgaw', 'spiud6ok']
585	['ijzoa0yn', 'extp8epx', '0jwed8p9', 'dti9o5x3', '0nw9oots']
586	['vpoqfm7d', 'qub1i1bl', 'xzy98hm3', 'ebgu29uh', 'hp62t734']
587	['uqpxs7et', 'uom5r1pf', 'gg5c8v7d', 'f3j0g82b', '6qai5sev']
588	['0bbxyyea', 'dp9x046e', '6ncayy9n', '0e97tdez', 'sxi0tpsf']
589	['0qy6hcgp', 'hcw0cisk', 'o1xkgkn1', 'zj0yxy2z', 'jz6o9gnb']
590	['x9sfgtim', 'ropgq7tr', '1s8jzzwg', '3h80bn0k', 'xtmn1n0r']
591	['l4zku2e9', 'kgt61kcu', 'eumvomou', 'waujy98e', 'wf72fra8']
592	['4ylmj9ub', 'vu8ao4pt', 'pwvcwlh8', 'npe81wc8', 'vabb2f26']
593	['t006jnl5', '4ehxnzc7', '5tkyir3r', '0ljild6h', 'wt6bp8os']
594	['58r5wcwd', 'ocl5qf9o', '1na6yp9b', 'oh5wm5qc', 'jwei2g97']
595	['jfvq2gfx', '4vkkaqhz', '5nr3j1ew', '6msw06fb', 's1qnjgev']
596	['dgizpo1z', 'gtp5daep', 'i69uuezd', '09q2so3j', 'z6cdyy0w']
597	['vx1hjh26', 't0iw2vod', 'vvmb92wo', 'w0ebmg16', '0imnd2q5']
598	['uxz185vr', 'ny7wkswf', 'enttjhgb', 'efbj3uur', '3njpm1gg']
599	['jg7ycmf9', 'x73moqog', 'tpovr13h', 'soz9p0yd', 'hn8pmcto']
600	['k0v1axmd', '11xjl53c', 'lbd6hn57', '9gw8z8zm', 'wq0mebm4']
601	['vf1vku8s', 'fxvro3wl', 'd3pxk5tr', 'pc2cnhjd', 'jrgeasqy']
602	['on6ss822', 'e3e48idb', 'ipon95io', '0zphhxxh', 'sbeugobq']
603	['z77wg8j9', 'mo7oq5t8', 'b7llp5r7', 'wr6qa1vr', 'k1x0b17d']
604	['nwifmuu2', 'lgnhlxgd', 'ajmelb8a', 'xt696aq9', 'eym2rh8v']
605	['su41e4vo', '0lk8eujq', 're8fstqw', 'hvp47bm2', 'kjf63oug']
606	['f3swmk24', 'f80cfjrn', 'mnjy6bq2', '3fiqpart', '4r96f92d']
607	['ys7azmv7', 'w0ebmg16', 'jnwuu08w', 'octtj2vf', 'gtwg0m54']
608	['di4p48ax', 'f4hj35dr', 'f5p37j7g', 'joscglfp', 'iez1j9jn']
609	['hitaptnp', 'rhgl6vss', '36flecmg', '55wqowbq', 'ocguwlam']
610	['53zopedx', 'ycklcks9', 'muufs0c9', 'nbn44sxq', '2aoyzj2b']
611	['f6vau5s6', 'd3fpqczo', 'pf45ex8k', 'rztwiflt', 'snjg9p0o']
612	['ysu5rwmi', '9adtbwp2', 'w7o2r4g1', 'jdg8gsve', 'jw6kh8os']
613	['ftjrg3dk', 'wd7drbky', '7yias3rj', 'ylojjfri', 'htitgh0v']
614	['mdsjbfmx', 'h82s5xst', 'oah1to9w', 'hwpn7ti1', '6entp07f']
615	['bqn29m9k', 'o4vvlmr4', 'styavbvi', 'h82s5xst', 'vmmwtdia']
616	['i6o608fm', 'q44yuued', 'ipon95io', '2jwuzfan', 'lxbnwed0']
617	['pg50i2ql', '7s79900j', '1y1ik2u9', 'ghl2a25n', 'dq3qunwe']
618	['5t16srpn', 'wf72fra8', 'pm825xn1', 'mlo8zypy', '9n7bkayx']
619	['xtmn1n0r', 'ximw03ej', 'w2c01295', 'zycgczqy', 'ktjhr028']
620	['lt7qsxxh', 'h1sura49', 'nxabdur3', 'pq85mvab', 'yztfkwkc']
621	['mrsya6wz', '7mcfehzc', '944pn0k9', 'vrl9gtcp', 'pq75mafr']
622	['dcx6cv2q', '4mlz5w0j', 'b0qj7tck', 'c3wkwn0u', 'vadaxbsr']
623	['puu8wib8', 'qbbwvyn9', '37hn7u3f', 'cfkeqgj3', 't3wjpagu']
624	['4vtad2ve', 'u89jd28e', 'lhx0it2z', 'rytw6rfd', '6a6tyvtz']
625	['vu8ao4pt', 'pwvcwlh8', 'ch7nna59', 'q92unteg', 'o47v5vgw']
626	['gdcqu3nb', 'zkxrjk3p', 'lda1tyuh', 'gr3tnp3c', '3qtxnbb2']
627	['17km3arw', 'x11ntaqf', 'nbqne4wp', 'y1vjka66', 'nhsci5oh']
628	['6o7q57xl', 'cfhu5246', 'm39qdgey', 'hg1q14gw', 'gihjcu73']
629	['hunepli1', 'y047cuxp', 'tmgmqtjq', 'yhun6hid', '7xt894vr']
630	['52cub1om', 'l8zfuhzk', '4frv2vb7', '0clp6zt6', 'xwghd9ut']
631	['yj3yisum', '5t4twnpm', 'iff8cuum', 'zbzrxuoh', 'a242g5kg']
632	['jpenhh92', 'ii3di3dz', 't1vom8f3', 'isxasd9b', '104lecie']
633	['o6i5ca7h', '6l7h3zxv', 'klj710h2', '2aoyzj2b', 'ptnpgh3j']
634	['s3o9v1fl', 'whkfvd7l', 'dfhxcqr8', 'i9nchww2', 'ndcg3o7a']
635	['0emibwp3', 'g17lp8ch', 'f3swmk24', 'qi1henyy', 'dt2pew66']
636	['55lbj72e', 'jfjxujwj', 'sybr04qy', '0l6ruql9', 'hbvwm62l']
637	['vpih1wvs', 'b7llp5r7', 'rztwiflt', 'bttme4wn', 'gdcqu3nb']
638	['lnls2mhg', 'spohl5ey', 'xuug2eyn', '71ywsj3a', 'wq0mebm4']
639	['9pb2eqoa', '2f7wqamp', 'xtraspw2', '2rx84imv', 'w0ebmg16']
640	['ezrarusj', 'n9nu5n44', '3kk1l0ag', 'uzry86hi', 'ikjfv4oh']
641	['5ct9pio6', '77m4rhrz', 'zueghgx5', '0hbyplqq', 'cj7izin2']
642	['octtj2vf', '9oejm9sc', 'wcq3qqt4', '1m1hi735', 's2vckt2w']
643	['eflyypev', '46c98cvm', '8brfph9v', 'focpnnks', 'kl2w6yiv']
644	['b97acsgn', 'nwb7qf9l', 'bttme4wn', 'ikjfv4oh', '3cnmj21f']
645	['059oj76m', 'b3ui95vx', 'wrsk5vh9', 'yk2th44f', 'w3gt0w41']
646	['5yscqct1', 'byw8jsqv', 'nzat41wu', 'uvhzw6c9', 'eywnnzxe']
647	['ixvtt3g8', 'plzklj7c', 'jgq968f6', 'ec6ov0jw', 'bccrvapy']
648	['0h2x79ye', 'vx1hjh26', '1epgt2u0', 'w98847ai', '8d0zb0lw']
649	['2sp8nm0i', 'd7eshkim', 'fyy42zaf', '6xs4y2uw', 'cixdw87l']
650	['2v6zigt8', 'aakzdkcj', '1l4o9pko', '2l883zhe', 'ax3e82js']
651	['0rsbmh48', '5oy0q6ca', 'zsra2yz3', 'lmzkseiz', 'fw211spn']
652	['wtqwghon', 'slzh6uay', 's1olwzxi', 'zyrvgaql', '137662w0']
653	['uyzalds2', '2e02uktc', 'ljpeq5aw', 'y04dub8o', 'ofgv3p8y']
654	['roe6g61u', 's0ca1r5s', 'nxu1xoax', 'ivy95jpw', 'jz6o9gnb']
655	['913sln1q', 'l16a5nq7', 'jc5ik84m', 'tuqp3ngs', '1l10diya']
656	['en0obmna', '42wcyjuk', '46no7uq8', 'e8fhlo37', 'knlc3bxh']
657	['pdiyqdb3', 'fo9uq389', 'ewf1z1ee', 'otfb69ft', 'ledopkwj']
658	['o34l05d0', '8rvhqd9b', 'ywvk6gu6', 'k11wd3qv', 'ix4zo0ha']
659	['3nf5bxv3', '2b2evno8', 'mkl7rvr6', '9oejm9sc', 'dq6iyabh']
660	['x5m6u9pg', 'hkh1crxr', '19skljon', '8dbjycgt', '21qgukm1']
661	['f2ypnls4', 'cjfn4dna', '24ie3mhq', 'rqqyym05', 'xuug2eyn']
662	['tq2vdo88', 'zqzs6vtf', 'gbpfypmn', '7wsumadw', 'wqmscp6l']
663	['20xgqvxc', 'ion9fkpg', 'mqu6d8sp', '3o91v72a', 'apx6a4yb']
664	['xp2qkk52', 'f97doeoj', 'iyc8j5mr', '9t6du1v5', 'bzn7wd36']
665	['gln6e0t4', 'no7n99cg', '2cv0vuin', '9lwtmn6c', 'ofavwj52']
666	['ntra3jhs', 'u5rbvc3i', '0jl6qu0i', 'lv5xjfk4', 'yyfsnthj']
667	['j4p46aiv', '8th933g4', 'tn8houmc', 'vz8eu3vc', 'dti9o5x3']
668	['g6i3x433', 'in69fhw9', 'so6irh9b', 'h73m17lw', 'gi21di4d']
669	['r76tqrwz', '0r580il2', '6gxw2mhq', 'nvbt5gxl', 'o1xkgkn1']
670	['lbrpbhpg', 'bfm45zas', '6a728le9', '6j45mmjh', 'gtp01rna']
671	['ef3warsh', '8iqs6jko', 'qsyqnwn5', 'w0ebmg16', 'm2z6k2va']
672	['f6li7qil', '9s63qogv', 'k7vjqzx1', 'xhh4vgvn', '2rcngljf']
673	['sywxrxmf', 'b7w2n36j', 'roe6g61u', 'jz6o9gnb', 'l97yi8l9']
674	['8ko7mmu3', '1vcc1khg', 'h7ftu3ax', '9qsqj91d', 'mja2qlpk']
675	['k5jkntul', 'bre2ijbb', 'ktm0akxd', 'dblqryhy', '93amoypt']
676	['0retx7ty', 'o47v5vgw', 'o877uul1', 'lfo6otkc', '69fmtury']
677	['bmmdygbs', 'dxrltm25', '9pb2eqoa', 'rb20ge7e', 'xzmzdq52']
678	['92z77upt', 'lpoxaetv', '8iqs6jko', 'sxi0tpsf', 'qsyqnwn5']
679	['52jtd51o', 'sgo76prc', '7pqy0ejn', '05vmhjjp', 'xkqajjgw']
680	['16qdfits', 'y8boml8i', 'v34r4tix', 'z35xw2p0', 'faxm9rhz']
681	['idtt3frp', 'wzqdo1st', '7xt894vr', 'k5t5rjhe', 'p37dnoj8']
682	['1gbq9j88', '6cttilm8', 'abjt5vfd', 'cz8lw23l', '49jkx2hc']
683	['wjktna81', 'vg7dvptg', 'r4dgrxel', 'lsiy3quw', '1ef8ac5c']
684	['0r3l3b88', 'v4y49n7i', '0ho4f5wg', '4qp083h4', 'w0vjyycy']
685	['nyvmlxqf', 'ghabnnv0', 'pxulu0hl', '2hfkrl8m', 'wuojo19n']
686	['3w5ouagx', 'lbkjxws4', 'b5eve7re', '5ogges89', 'daj5g788']
687	['yrmeweat', 'v0y734lu', '0qyhjutm', 'mena480g', 'b9jcuwu5']
688	['qpgvrtee', 'asrkuts7', 'bgljm9q2', 'to9ixrwr', 'k6cumncp']
689	['eo89w6qp', 'ppuki7qn', 'dayqtzfq', 'tf5a48i2', '9ei6ubx6']
690	['5g8u35f8', 'j7vm8h9t', 'x996e0cn', '0iqdqcp6', 'vkxf3gha']
691	['ucmzbezx', 'zecuhkcd', 'yi2m5ukw', '9g0lo2e9', 'qdtm4s83']
692	['r7kvv48s', 'nphdtsbt', 'z3msyl45', 'fnim10e5', '92qcakzi']
693	['pcekcvwr', 'o0m20894', 'uk6whrhz', 'ahpkmffy', 'i8byjktt']
694	['k7smwz6w', '3xzivp7d', 'b0dzhsrh', 'tiqksd69', 'aqbhxv1f']
695	['d6ow67k9', '2hbcbvt6', 'r7s2ezb4', 'z22g03v4', 'tv1a1hwj']
696	['zecuhkcd', 'ucmzbezx', 'wtovv1jy', 'yi2m5ukw', '9ljou3ag']
697	['bqn29m9k', '5tpkcd5z', 'est5jx7g', 'ay69e8ad', 'ocl5qf9o']
698	['k18k0kuk', 'bh8zshy9', 'yhun6hid', 'jd3np9n4', 'jazfyjwl']
699	['xqpsdc8u', 'jfeamjqu', '72jwlfqr', 'ptn9ntoq', '0pcgcbjw']
700	['muiasgwn', '53t1mhnb', 'iatmjkzk', 'z3zr2meq', 't0zphgfl']
701	['vrhrc7v6', 'rwgqkow3', 'qv1xfrg6', '65gedo6u', 'vygvs1x3']
702	['8zm7n7j9', 'y12veqre', 'zoipx650', '195h4ofw', 'h82r1ttc']
703	['944pn0k9', 'iobpcfs5', 'ch7nna59', 'f1ckv4bk', '7vdd5f4t']
704	['4unn3fmu', '5351oj7i', 'yg2voc65', 'xk6rp4e7', 'l9bswegi']
705	['f3j0g82b', 'lsiy3quw', 'sb3y2w6c', 'e8fhlo37', 'jk5tczo0']
706	['9bhi3rqu', 'm1bvurwi', 'j1kzjre0', 'zq4ty9rw', 'v8ujnrbi']
707	['wq4jsc4x', '2vs7geu6', '39mfts0g', 'llcit7x2', 'kek9i9zd']
708	['dccymlie', 'udtoutew', 'icgsbelo', 'oywhabcd', 'zd8c1no7']
709	['ivy95jpw', 'oqhmvpjm', 'l97yi8l9', 'wf72fra8', 'jz6o9gnb']
710	['vndj6f7w', 'tra5ewc5', 'qdw86v8i', 'e63j8gci', '3ttyxjgi']
711	['n6lwnct5', '9getsuci', 'r7bmtloy', 'yrdzg7wz', 'mamtxi9v']
712	['208w0eyz', 'en0obmna', 'p703e396', 'ljt9rn8z', 'e8fhlo37']
713	['nln6pl3h', 'fm9mdllg', 'yxkub54e', 'in9a3bvi', '6e444g2z']
714	['gjo29e21', 'eg5snpzs', 'u6a65x9h', 'aky3bja0', '6r79qt66']
715	['n3swuykg', '3v240tcz', 'iyi2fwhf', 's7v66pvg', 'l0l2ev29']
716	['r2hovw0y', 'f6l0hwyw', 'bmgfoine', 'nle4axad', '555e3ndo']
717	['f6i46t3h', 'wl7odjo2', 'tffpan0f', 'sgwvid9l', 'ubvdzjkw']
718	['tmonjdrp', 'sjkni2uc', 'bn22k0p3', '9jqafpkp', '7cf9oo41']
719	['1l10diya', 'su028g3j', 'zkxrjk3p', 'ysf5k0ky', 'dfhxcqr8']
720	['dx53hxej', 'gap91mwc', '3udfl0a2', 'zjbclhj3', 'm6poosn3']
721	['l56c020a', 'o29hjkca', '93b2ivio', '3xup6glg', 'vjpf1fk6']
722	['4kfbs7j4', 'm4u4ulml', 'fff0swre', 'dx2cx9lx', 'pxhetma5']
723	['5zzlhyga', 'vkf5njfz', 'ow39tpxn', 'i4op2jkl', 'ub3kjqkv']
724	['qfrenkb6', 'h6b8xuvs', 'dztaijzu', 'n1ysi7qc', '4fzzoj14']
725	['frx9hfxg', 'a0dvzhc8', 'y98bleop', 'rc5d6wi3', 'tn8houmc']
726	['y14lw5b2', 'fe72aj3a', 'cj267zcl', 'z795y51f', 'yr69ctrj']
727	['l4zku2e9', 'kgt61kcu', '1itor6ic', 'sdsmy0bw', 'prqrsb3c']
728	['q23a5txz', 'supf8vel', 'fa05sovj', '25bdifv6', 'krg8jvfz']
729	['9enbrd6h', '8xf8u6bg', '20nozop1', 'mqk72say', 'jcp3u4mf']
730	['1l4o9pko', 'aakzdkcj', '9wnkmn27', 'lm73oj21', 'ax3e82js']
731	['1d49odsq', '9g0lo2e9', 'daxv3reg', 'xtmn1n0r', 'liip39ku']
732	['4socpj73', 'fety7g0q', 'a68y6qsf', 'et1ekgdl', '0b1dbz6q']
733	['kff7ho04', '75cnqi4v', 'qa1tbu6t', 'g4hlvnmq', 'l30ey4fx']
734	['fjzhe9tp', 'mlozjg9h', 'nok0yfzv', '1rxw5xro', 'e6miaabh']
735	['zctjkag0', '35nshnn2', '3w5ouagx', '7hh0pffh', 'toy8i1lm']
736	['7hh0pffh', 'wt5qxe0j', '12yshnt5', 'tk0iwpnb', 'yx0u0iyw']
737	['egn81atf', '9wx4ltyd', 's4cfdgbv', 'svsib7yj', 'j7ltjn4k']
738	['ashxoaav', 'f4x16qyh', 'hzn3qus3', 'wijqiktk', 'ztwemu74']
739	['iid4bnvw', 'qt5qv3zx', '1b5hb0g9', 'gat4jwsu', '1315iz0v']
740	['drto66xt', 'rwevmwcr', '5fg1keua', 'x64zft78', '9g547s2n']
741	['ucmzbezx', 'zdfx3zo3', 'zzscey1f', 'q55l1chd', '0clp6zt6']
742	['sgo76prc', '05vmhjjp', 'ofgv3p8y', 'l4o7nicc', '82hqy612']
743	['e5y8pp5b', '4cy3er3y', '41yfx1ev', 'mcc37ogt', 'io8mozoe']
744	['tfpa12kr', 'zmkvs7e7', 'ax87r0bj', 'ijdk1nnc', 'i0swl50w']
745	['aakzdkcj', 's0ca1r5s', '1l4o9pko', 'nxu1xoax', 'jz6o9gnb']
746	['du7ba2ky', 'tah4bpj1', 'glxt2q6f', 'deas7kr0', 'dlwfu274']
747	['9g0lo2e9', '0u14wypb', 'e9ba18fn', 'k7vjqzx1', '6fmc5mbs']
748	['1s8jzzwg', '2bupc5jh', 'vvmb92wo', 'ybjnep46', 'knbngla3']
749	['p7cbnrji', 'j5b0f3uk', 'rmyy6fni', '7cakttlp', '6oi8s315']
750	['52lf5gzr', 'gcsew8u3', 'djev6er7', 'arcz8ku9', '6rpm4phy']
751	['oaq5a5i3', 'ca04j8sc', 'xl1e9gzc', '3mk8dwf9', 'nj94rv6f']
752	['t4y1ylb3', '7a543f7v', 'u5nxm9tu', 'o86wki37', 'c7jhbxcb']
753	['r7aqsyfl', 'amw2c96l', 'dkfohub3', 'kff7ho04', 'mqyu72nc']
754	['ngbnnpni', 'frr4vu0w', 'yb6jk5j0', 'zctjkag0', 'gcku08s7']
755	['bqn29m9k', 'o4vvlmr4', 'uxz185vr', '8rvhqd9b', 'llo64qbp']
756	['usyduiti', 'sxi0tpsf', 'wq92nfnd', 'opjfy3xr', '1vcc1khg']
757	['3unp46lw', 'umg0ms2i', 'ztxfa5b8', 'cy8vyb6j', '8i2ryrfe']
758	['li8kvzdh', 'l9lni5d3', 'bk3ss63e', '121p2shq', 'cymppa7g']
759	['nnkul2r2', '6o7q57xl', 'kd3as3b9', 'hjmjav50', 'ce9jq0hq']
760	['onjgfr4j', 'a45f2qtl', 'p42w7vjf', 'dkfohub3', '8pdlynuo']
761	['est5jx7g', '7jwqm0b2', 'ndhhy1xt', 'wbsl6n67', 'gtp5daep']
762	['gha1wg4w', '11xjl53c', 'ko42qlzr', '9uxazk87', 'u2kjft6q']
763	['2uidarm3', 'b1s3ubm1', 'fnok2eoj', 'ce1a9k8b', 'a3fvifax']
764	['u66awao9', 'z22g03v4', 'deezca5z', 'dpt7sh4h', '0ojzssli']
765	['vl7eqzu4', 'f5twvg9g', 'gtp5daep', 'fiicxnty', 'v0dkbn5l']
766	['ohfi48d6', 'o7ww2prj', 'y4cqgbm2', 'cgc0v1dg', '4j8b8z4t']
767	['ximw03ej', 'eay6qfhz', 'hqapg5ow', 'i1yf8fgk', 'd6qr2abi']
768	['kjr6dcqv', '5ojyly05', 'tve01g7i', 'ug2ka6ia', 'uj5deryi']
769	['ufzjvdho', 'jo489zm2', '5g8u35f8', 'cfkh0ypy', 'x800xxj2']
770	['b1g23kz1', 'grm6kfx7', '5tpkcd5z', 'lur9d6ji', 'f3dkdm7j']
771	['6j45mmjh', 'y89e2dju', '06yuz5pn', 'o7ww2prj', 'aclzp3iy']
772	['g3hujz5o', 'duwr9b5b', 'lvbutmio', '0loj2fsm', 'jekx1czw']
773	['l5nncxqo', 'hpj8gb4o', 'jiunpwz9', '0dp28rsd', '0jm3j3vc']
774	['ngpl6xs1', 'sgo76prc', 'hws1e4tv', '3w5ouagx', 'e8az2cw3']
775	['8gl323hs', 'hnj1jqr1', '7ws48kn8', 'nvebqwwh', 'nz976qc6']
776	['w0ebmg16', 'opjfy3xr', 'wq92nfnd', 'cg6v3yma', 'w1bx4a7v']
777	['8f2r1d14', '4p6fcy8f', 'wb1apvn2', 'dcx6cv2q', 'wubcq0xx']
778	['95e1kuux', '1r9975o8', 'gu4mz2vp', 'dztaijzu', '52x62y5l']
779	['wf72fra8', 'edsrpgjo', '86qczmbt', '2dixw8up', 'yjm6asp5']
780	['q473xazz', 'dx9hez38', 'psaq958v', '8i2ryrfe', 'q77tr31d']
781	['nvbt5gxl', 'ysu5rwmi', 'efbj3uur', 'geo7ac5i', 'ws75gpsc']
782	['fg9cy17k', 'jnz5by5w', 'k2zrdjyo', 'cvkdpnn3', 'm39qdgey']
783	['rc5d6wi3', 'm5pe8kr4', 'vmmztj0a', 'xlczcgfy', '1m1hi735']
784	['mkgszhkk', '844229sb', 'ra2njvcz', '30pl5tx3', 'uhkff67h']
785	['wubcq0xx', 'zew4tzy7', 'zu07vbc4', 'n4kke717', 'wpuujmjx']
786	['ajqbljai', '8xvqq5eh', 'x220pjeg', 'u10j114l', 'coh92gm3']
787	['ukca8cqw', 'iobpcfs5', 'tvzn0112', 's0w95qdn', 'jtwb17u8']
788	['cv7tb3u1', 'pta8enbu', 't3vuwghp', '64qt0w2a', 'auvehdq5']
789	['4cqf9v2v', '58r5wcwd', '7j5zmg8w', 'i3iy8ax9', 'zkxrjk3p']
790	['9svrz0vj', 'l375v2my', 'bzn7wd36', '88vj8czi', '4vq9ljlg']
791	['6j9x3pn5', 'hwpn7ti1', '7ddw02f7', 'unnrflmr', 'rimct0c4']
792	['3otvtwbb', 'xs7vkm19', 'h2h4bnd5', 'h6dsjkvz', 'qfrenkb6']
793	['fw211spn', 'u95kg3m0', '9dnj4ppj', 'oud5ioks', '0b1dbz6q']
794	['1b5hb0g9', '1315iz0v', '43ocdbp5', 'jlqpwfwm', 'u95kg3m0']
795	['dsfbmhbj', 'bh8zshy9', '79xnx9gr', 'x0kcrmol', 'ultl3rpu']
796	['y43prnko', '9pb2eqoa', 'au78rob2', 'ximw03ej', '5gldyo2d']
797	['1gv3t5t0', '9th9mm7e', 'tf5a48i2', 'ka2kyqmk', 'xli7wyg4']
798	['knbngla3', '2gjo4oqn', 'xtraspw2', '2f7wqamp', 'mnjy6bq2']
799	['m45teajz', 'd3530i86', 'hb3wcm04', '0eftiyuw', '660gckc7']
800	['ylqpkosd', 'jpenhh92', 'ii3di3dz', 'c2a07zg0', 'dij3wy6q']
801	['wnm89gfo', 'n3yuvf8v', 'eys1k8gb', 'vp78d808', 'ssmw2jef']
802	['vprj63y2', '8ubugbn3', '1cvpw5hp', 'gtp5daep', 'n5bqf6rj']
803	['ub3kjqkv', '4mjrpjit', '3z9ubx09', 'svsib7yj', '6aw8zrap']
804	['g17lp8ch', '8iqs6jko', 'ximw03ej', 'qsyqnwn5', 'hf79cbuq']
805	['8mmau2lz', '5esyjt0l', 'juofmvz2', 'tafg1xoo', 'y81g5iqi']
806	['9mdf927z', '2kh4iw8h', '83re9176', 'epzpua9t', 's4cfdgbv']
807	['5rsxnrdr', 'faue5ywu', 'gvn2v6rt', 'y1ob8tcq', 's7v66pvg']
808	['v29jmh6s', '8twdx4g2', 'z5rwznmv', 'aspn870c', 'bpv5wgm5']
809	['6gb1za5h', '609b8j39', 'j2t0ofgt', '95e1kuux', 'ocwetgv6']
810	['lr5lumdr', 'pppb83nc', 'rr0v0ju1', 'q7pieq3w', 'uaccs7k9']
811	['80dfqjql', 'k9xhphpl', 'vpqwkmlv', 'tjplc5j6', 'ltwo2mf6']
812	['nom4z0tv', 'h7ftu3ax', '2199ydle', '8ko7mmu3', 'yx0u0iyw']
813	['jisznsr3', '195h4ofw', 'zu5mg2im', 'u31ixcwa', '4pcv1i3i']
814	['47p4g80o', 'extp8epx', 'zghh0zbd', 'delciztu', '186wyg7t']
815	['ngbnnpni', 'frr4vu0w', '94w1sbsb', 'yb6jk5j0', 'cpfnva0v']
816	['ybpev0vi', 'uk6whrhz', 'tloczjn5', 'zt5alyy2', 'usr8hzcw']
817	['q4m2uj6r', '5dbuxvc4', 'p6uliadr', 'kmwfce00', 'w9zyshzb']
818	['gruir7aw', 'dfyshke7', '4ylmj9ub', '9f5i6crg', '5d1131zt']
819	['ix4zo0ha', 'rbgoabfk', 'j0bu0upi', 'uifnjio5', 'jzosdlu7']
820	['pvrp8u8n', 'uxn85mir', 'ohkweon9', 'lh18omnj', 'poh3te9j']
821	['e1macqqm', 'i8byjktt', '0fpa1f30', '9oui0l6v', 'kfn2q7wt']
822	['38d6gb7o', 'u0vhs2d7', 'h7hj64q5', 'eje3i558', 'fqdu9uo0']
823	['eef8mem7', 'vpz3o29f', 'zx9wt8wi', '0iy8clcm', '2jwuzfan']
824	['vge26qe9', '69wuny3p', '9p2pzsx0', '5kz2s7ag', 'jbmzvljk']
825	['jf9whlu7', 'mt61b7o7', 's23d5pns', 'd7tk12u2', 'tmdsyzyt']
826	['o476dtgd', '6bnj8pcp', '0qyhjutm', 'z3ock8ar', 'f3j0g82b']
827	['y43prnko', '7c0844ui', 'ys7azmv7', 'e8mk04uf', '3ees74tt']
828	['zoipx650', 'iayyox4r', 'mc77aqbq', 'pu12u627', 'sm0112e3']
829	['dgnddq80', 'y7lrp0gc', 'vbayngh0', 'sm0112e3', '4ckob7b0']
830	['i3jsvtwp', '0ul6k6uw', 'y89e2dju', 'qbj8n8h6', 'gtp01rna']
831	['jdo7afuh', 'xkqajjgw', 'eywnnzxe', '9adtbwp2', '05vmhjjp']
832	['v06kyana', '97vw83zu', 'ibnudp1x', 'ohqr1v13', '7q2jd0mf']
833	['gtp5daep', '7tqxng6p', 'ax87r0bj', 'erygg5u2', '8e9f9ssj']
834	['kff7ho04', 'lh18omnj', 'yyfsnthj', 'xvctmmzt', '86qczmbt']
835	['j2t0ofgt', 'tcaglk0u', '1ad18z11', 't9hbbqay', 'z3o3ib2f']
836	['05vmhjjp', 'z22g03v4', 'n311ptne', 'gbgcfa2o', 'np1y2fkt']
837	['500ypv61', 'pb25lrnw', 'so6irh9b', 'ofw7lnr5', 'y77rbrnd']
838	['qeqd4soe', 'ultl3rpu', 'fq5nayxt', 'ax3e82js', '9wnkmn27']
839	['v1cfaqyx', 'i57f9ayv', '5nr3j1ew', 'ziyzdcmg', 'y6zisciu']
840	['bdlhd5i1', 't2gxkxxd', 'yamabj5e', 's1ypdhzv', 'n2wqalcu']
841	['m45teajz', 'hb3wcm04', '97vl2cfl', 'o1xsjx2p', 'yx0u0iyw']
842	['9getsuci', 'wl4n02rf', 'tgstsac6', 'f0t5l7kb', 'yjibz8ie']
843	['oqhmvpjm', 'nxu1xoax', 'jiunpwz9', 'fub50lvt', 'm0598zrc']
844	['k2jzadwq', 'ztxfa5b8', '7iuls8x1', 'ydh4ve24', '4vuucmfd']
845	['eagkc9ty', 'lbxg93hl', 's7v66pvg', '1ha9cubv', 'yfzlbk46']
846	['04vbjlab', 'a4kjk836', 'j5vhny44', '80dfqjql', 'k9xhphpl']
847	['h7zamgdf', 'x14iywtr', 'pp6ktvv1', 'oud5ioks', 'b3ui95vx']
848	['vbx8khih', 'vgmzb03s', 'ylqpkosd', 'zsra2yz3', '0o3wjvpx']
849	['iz74o9de', 'zu5mg2im', '0lk8eujq', 't1vom8f3', 'xshqu7qm']
850	['dgnddq80', '4ckob7b0', 'sdij1d90', 'vbayngh0', 'fyyibj9j']
851	['r58aohnu', 'mcmqx7og', 'w1bx4a7v', '2gjo4oqn', '4ff2e17a']
852	['lclxe7i9', 'tk0iwpnb', '12yshnt5', 'wt5qxe0j', 'tp7wthiv']
853	['m2id6kxw', '6wpyxcuy', '1oiqa5zg', 'ydcu8f2k', '8w43qkqu']
854	['p8xpavbg', 'nk8m2dxt', 'hsm75cww', '5xk20hs5', 'bnhwbaqj']
855	['wgpty5w3', 'hunepli1', 'y9fqa20z', 'prqrsb3c', 'zkb1zbvq']
856	['1l4o9pko', 'aakzdkcj', 'tq2vdo88', 'zqzs6vtf', '14alhxc3']
857	['pm3ck1gk', '84xjcyvu', '95e1kuux', 'bhjwd01o', '0g4xxy3j']
858	['lpoxaetv', '8acldtv2', 'idtt3frp', 'fqk8rmiy', 'pbhvq1nh']
859	['ok9o9tta', '1y79i676', 'p7cbnrji', 'u22z526l', '10l6kx3e']
860	['lclxe7i9', '12yshnt5', 'tk0iwpnb', 'wt5qxe0j', 'tp7wthiv']
861	['8iqs6jko', 'w0ebmg16', 'f0judfwn', 'xtraspw2', 'dxrltm25']
862	['sdtr6yla', 'k0eheo71', '7mc4dq6p', 'eef8mem7', 'yc7cvbii']
863	['9h74xlvv', '5hhbdzam', 'buswbfd5', '6gb1za5h', 'fiicxnty']
864	['1m093f8d', 'kzgw7qx3', 'x6cozo6b', '59u9ezr2', 'soa71kwx']
865	['zuc538yd', 'ygn9oiir', 'gw1pr7fw', 'eknllnci', '0bjl60gl']
866	['js91utss', 'hzbtd39j', 'pxulu0hl', 'stew8m7u', '7th2js19']
867	['1iqfm496', 'e4xw6gyp', '4ylt5rhg', '6x8xp62f', '46no7uq8']
868	['flqdf8vd', 'wk61uyrt', '5nsayxwc', '3g8asqkb', 'dt7hip0z']
869	['0oxo2awm', 'y12veqre', 'pvrp8u8n', 'wmpjfc02', 'bccrvapy']
870	['gcv4lmsr', 'qyj6y9jc', 'rg3iygo4', 'isxasd9b', 't3hrrigb']
871	['foy3dsq4', 'wdfzrzkt', 'nswj8x43', 'asygd3yx', 'park7t3g']
872	['r58aohnu', '92z77upt', 'w1bx4a7v', 'vvmb92wo', 'iu4p5k0w']
873	['dt2pew66', 'zycgczqy', 'tra5ewc5', 'xokujzbl', '9mn6trtn']
874	['1vj9p7vm', 'if4c0h8a', 'yr27lnq8', 'e9j4b00a', 'ujy4i5uu']
875	['j0uojajt', 'p5ceve0x', '0b1dbz6q', 'yr27lnq8', '8f83k2ce']
876	['mcmqx7og', 'eay6qfhz', 'cnmawglq', '2rx84imv', '65efipbi']
877	['wnm89gfo', 'y9fqa20z', 'eys1k8gb', 'n3yuvf8v', 'wz6446aw']
878	['di4p48ax', '6a8j7hjt', 'e49rdu76', 'ixhaq0az', 'nnp6sv19']
879	['7n4t8i2n', 'daj5g788', 'hws1e4tv', 'sjqt01gr', 'rc5d6wi3']
880	['376x58k1', 'bqn29m9k', 'h0spcvjl', 'jbs3d5xo', 'fxwszm22']
881	['8iqs6jko', 'dxrltm25', 'h2sza0if', 'x7ffgtrd', 'hqapg5ow']
882	['45y7jepy', 'h8x5cpz4', '6srmai2o', '33xgu2rw', 'xxy10tcl']
883	['dgnddq80', '4ckob7b0', 'v13kzr5y', 'prqrsb3c', 'xavegbty']
884	['w1bx4a7v', 'y43prnko', 'dhd9e9bn', '1aqf98e0', '8iqs6jko']
885	['q1mq5f2t', '9mdf927z', 'bn0fegqg', 'v6w9mlsa', 'h0q93in1']
886	['3cnmj21f', 'v5beddu4', '4jx0oq65', 'nuzt4jcf', 'k42xr256']
887	['xshqu7qm', '0ojzssli', 'tdlcb9bf', '5o9bbspc', 'zu5mg2im']
888	['ot1uz6vc', '11xjl53c', 'dny9rgv9', 'g4hlvnmq', '7n4t8i2n']
889	['b5eve7re', 'sgo76prc', 'sjsaw6yv', '8ztv34hs', '3w5ouagx']
890	['lsojoa7c', 'wdn5skh2', 'ogrlupbx', 'ppsk31u8', 'pz3e9y4i']
891	['vaeh5z4z', 'hgqohdct', 'u4doukk7', '33znyrn8', 'wq3ulivi']
892	['vw3cuiof', 'od60es9b', '1kubts7j', 'uoa7ug6f', 'kt1az1pf']
893	['nvphu1fm', 'iez1j9jn', 'ez1l3m4o', 'b8c309hj', 'xzn11n74']
894	['vpoqfm7d', 'ebgu29uh', 'hp62t734', 't13pehgc', '68x50rni']
895	['j4pgpxoe', 'nkzweuft', 'lfk6e8hy', 'o71p89nb', '6274gicp']
896	['yr69ctrj', '8hlhp8i7', 'vprj63y2', 'd5sxycaw', '1ik8lrid']
897	['bidvx8hy', 'jeufhpkq', 'park7t3g', 'n4hw9cvo', 'xnxn506o']
898	['dfl69g4f', 'xl3519jo', 'zdlbsuys', 'pqt10xzt', 'uk6whrhz']
899	['y930bpqt', 'i1icueuw', 'wa4gt5sy', 'awfgfmx1', 'a451243b']
900	['rhgl6vss', 'hitaptnp', 'cqv2cv9r', 'xh723tgl', '3r418rss']
901	['pbb9nrba', '3cnmj21f', '4hmecfi0', 'b1iyr42n', 'ud8nmm7w']
902	['ocxl6cf4', 't1ughb9b', '7a7oi5dt', 'yb9uyov3', '2yrgy2y2']
903	['4vzdk69c', 'od0y5ruh', 'pggf4wyo', 'zy48nad1', 'msra1ghp']
904	['7xt894vr', 'erygg5u2', '64qt0w2a', 's7wykoze', 't8xyrsif']
905	['yjsxen4d', 'pibg1iw7', '7wz030vg', '0ockdyh0', 'icnbhg6e']
906	['yr27lnq8', 'n5ogyxz7', '26kx1b0h', 'gbpfypmn', 'if4c0h8a']
907	['f8ah4lzx', 'vymre7uv', 'g1zpqy18', 'sz5fr79q', 'vi1jl4po']
908	['6o7q57xl', 'itxde5mw', 'k36t200n', 'z9vjo98p', 'ygvg9jfe']
909	['s3qkscw7', '918wd3ez', 'elj952zc', 'ipon95io', 'tiqksd69']
910	['s96beqsh', '1m1hi735', 'hg0lyy93', '3rcvgcwx', 'zcnr1e2f']
911	['rytzyf1j', 'a7frertc', 'pc04eb8e', 'lq580iwg', 'styavbvi']
912	['uohbxoeb', 'a40yhtqk', '0bh8i14e', 'bzeqs5oh', 'zbi0llig']
913	['qnuphz59', 'jwei2g97', 'svl5ks44', 'jfdwo189', 'dcfqvp4p']
914	['jpenhh92', 'ii3di3dz', 'zu5mg2im', 'wmpjfc02', 't1vom8f3']
915	['pq75mafr', 't7a9edv3', 'jtwb17u8', '4grqkn3u', '8e9f9ssj']
916	['4pgish5x', '32z7b3fp', 'ki93iltt', 'vpcx2t3w', '08p8ns2d']
917	['h8ykn6ut', 'cvbxv7h7', 'v8ujnrbi', '24wfokhg', 'mviiowbw']
918	['0si51n85', '555e3ndo', '34eot3zh', 'xltcax0k', '7vdd5f4t']
919	['fnedip6k', 'bsq640o8', 'yadb7gwj', 'lf6fprh0', 'n2wqalcu']
920	['7e3kiox2', 'zpv5f8pr', 'ymv5uhxv', 'a5w7tbtp', 'u5rbvc3i']
921	['ebbaw3td', 'jiunpwz9', 'r7s2ezb4', 'ikz8ui8y', 'ccy8gf0k']
922	['lorpo8uk', 'znpc5jq2', 'rgmurgbf', 'y9fqa20z', '32z7b3fp']
923	['mlo8zypy', '9n7bkayx', 'obhm5mc5', '9s63qogv', '8mxj44n3']
924	['tu1vevx9', 'e1rl383p', 'q1qqm9e6', 'y0wu60n4', '1d8sb9rw']
925	['q1mq5f2t', '7b570emm', 'sgo76prc', '7s79900j', 'hws1e4tv']
926	['h4cu63cm', '8ljnxihr', 'nvbt5gxl', 'gk3wr6s1', 'byc8b44e']
927	['rcb943w2', 'amw2c96l', 'dkfohub3', 'qa1tbu6t', 'i1icueuw']
928	['itwp8mlj', 't6de15ax', '0j4ind0z', 'fmamae4o', 'wtenvb27']
929	['7ddw02f7', 'hinu974s', 'f5s0ntps', 'm1bvurwi', '5haoocjx']
930	['kyt14ufu', 'wslsqytj', 'wgfdd3lm', 'fo815n5l', 'iw3wv973']
931	['tnejo5wc', 'j1lhgciv', 'tx2dwo04', '7j5zmg8w', 'ybxuykpz']
932	['pbb9nrba', '0vhy44iq', 'pj7no3fe', '07a30kd9', 'yadb7gwj']
933	['64qt0w2a', 'auvehdq5', 'faec051u', 'ua7hsfma', 'wmocjiwh']
934	['jqueo6zg', 'ir20eiqr', '5t16srpn', 'g2u1f0ly', 'q93luiw2']
935	['v0y734lu', 'hbyxy4ln', 'ur3qbq7t', 'mg9kypvn', 'dudc5eh8']
936	['ekgqdjlk', 'd0nacth6', 'd8vo0ncl', '4d6az41t', 'bhleyzhc']
937	['x9sfgtim', 'ropgq7tr', 'z22g03v4', '0lk8eujq', 'sm0112e3']
938	['gysvo8e9', 'bxuwx1jj', 'd3530i86', 'nb27fn2z', '3mk8dwf9']
939	['s0ca1r5s', 'tq2vdo88', 'zqzs6vtf', 'xnrb0byz', 'dt8h6a0v']
940	['gtp01rna', 'xq525smx', '6qai5sev', '6a728le9', 'f3eogz0n']
941	['4py6l839', '6oi8s315', 'aceu86at', '7hvbbq15', '4ip0yl0n']
942	['3cr97dii', 'n5c0hcwn', 'pq571myy', 'mldwnz43', 'y349r3r6']
943	['oz1dkdu7', 'kq0cu73r', '8d90mc54', 'grccu4kh', 'ro3o27pv']
944	['nxu1xoax', 'aakzdkcj', 'onlly1ga', '1l4o9pko', 'mpkli2xf']
945	['0u4nmrq4', '500ypv61', 'nzfpgxa0', 'ehszmbnc', '0n07fow0']
946	['xigbp7vh', 'kff7ho04', 'la2wvnb0', 'wt6azxc1', 'r4fd5vp6']
947	['y203109o', 'a3efmczu', '0ctlde8w', 'b68c8qwm', 'a2xg7v07']
948	['7qxs79qy', 'jc26e39s', 'zbbh6wl3', 'c2s2lxw9', 'asnvwu1u']
949	['65efipbi', 'eflwztji', 'jjgfgqwg', 'ttl1ozc6', '3kng7qea']
950	['dx2cx9lx', 'uom5r1pf', 'aizquh16', 'x7vftehx', 'vzloj6b3']
951	['xcsl2evz', 'mw0wb8a8', 'ymhg8mon', 'k2qj6o7j', 'dnxhtbxn']
952	['uvhzw6c9', 'a0rvtsog', 'kmwfce00', 'mrc41hu0', 't4y1ylb3']
953	['ngb7pbyl', 'lcqxnrge', 'nksd3wuw', 'mamtxi9v', 'ix0xi5jb']
954	['5vp2r2bd', 'z79gel8h', 'pjllicm7', '0yysikc1', 'oh23px9c']
955	['skm4qtgx', 'pvrh2mqa', 'wzqdo1st', '5vodag6c', '9b6cepf4']
956	['5aev7ltr', 'qgwu9fsk', 'lty6oq3d', '8hbll61z', 'tpic8ddl']
957	['ywne437k', 'samf1kwn', 'hqkrer9m', '7b7on38r', '8yg1d3ft']
958	['ohfi48d6', 'cwekmw1a', 'g6i3x433', 'mxg2q1vd', '7g9fivhc']
959	['hn6clwoj', 'zbi0llig', '7wsumadw', 'oyr4klqk', '5aev7ltr']
960	['dwgxrbag', 'vmmwtdia', 'ocl5qf9o', 'fu685z9a', 'f5twvg9g']
961	['t4os33em', 'w7smahni', '6xxm7hcs', 'k36t200n', 'clzxo1ly']
962	['qvj36vut', '2bzq2ayq', 'ashxoaav', 'oa5yvpn7', '5lqjmqu5']
963	['f4jx3b2q', 'nz5r48y1', 'ey0r1py7', 'mqu6d8sp', 'dm6pznm2']
964	['65efipbi', 'zq6oe8w0', 'mg7dfs1r', '17km3arw', 'hsm75cww']
965	['nnkul2r2', 'h13dq0x4', 'iuziorsk', 'g0za5fqi', 'h8ej5w6j']
966	['x9veckdi', 'en0obmna', 'vymre7uv', 'xo7q4dqr', '2ojy0mvo']
967	['w750idb5', 'k7b8wj56', 'jq9hku2o', 'itx70h27', 'p40x3cxr']
968	['xavegbty', 'w7wdq05u', 'td8uwcas', 'h2sryzwn', '9miesbf1']
969	['lehzj4d8', 'jowowl0v', '2ierk83o', 'oh5wm5qc', 'io6f6z3l']
970	['aky3bja0', '4gr6i8rf', 'ej9qbrt8', 'u6a65x9h', 'eg5snpzs']
971	['08u566ia', 'ihgxtu8g', 'agvrw27o', 'psk1lnff', '3c1fujrd']
972	['2scp98u0', 'oyr4klqk', 'r58aohnu', 'cpp2l8n5', 'm3m2n3fw']
973	['3l6ipiwk', 'ybwwmyqy', 'fiicxnty', '9h74xlvv', 'qh6rif48']
974	['zbr3kfv2', 'k6txwaul', '8rvhqd9b', 'rxx0w56j', 'ocl5qf9o']
975	['0gn3b98n', 'l5ogbl5p', 's2e56ety', 'hb2lieh3', 'mqnqjn0c']
976	['0ho4f5wg', '9exmyy5a', 'iw3wv973', 'pbb9nrba', 'ml8arkpd']
977	['i6mdlf36', '7qz1o6aa', 'wz6446aw', 'mg9kypvn', 'ssmw2jef']
978	['8o2xddof', 'fub50lvt', 'xnrb0byz', 'a45f2qtl', 'l97yi8l9']
979	['b5eve7re', 'ofgv3p8y', 'kutc6ts0', '3w5ouagx', 'c187k4yc']
980	['otp1atui', 'bjycvoxw', '1vj9p7vm', '8zm7n7j9', 'rn8eezep']
981	['eyhtf6mv', 'n5ogyxz7', '195h4ofw', 'yr27lnq8', '1vj9p7vm']
982	['0crs45tt', 'yr69ctrj', 'eq5qqshb', 'vprj63y2', 'w3d33mq0']
983	['ximw03ej', 'pu12u627', 'uv9xdp5f', 'pppb83nc', '0clp6zt6']
984	['h35we3mn', '5zhjn3u2', 'c2a07zg0', '4iifpqgx', 'mu2vqjnv']
985	['37gpov43', '4u3v4vyu', 'moplus2n', '24t0lunz', '68x50rni']
986	['y6reys3r', 'p7rpfsph', '6a728le9', 'nxws3pzb', 'yn7e3do9']
987	['auvehdq5', 'c84lpxrn', 't2gxkxxd', 'gg2swy7i', 'ml8j19l7']
988	['0illlel7', '8hlhp8i7', '5tpkcd5z', 'yxe19kwe', 'tat66vxm']
989	['9195zweg', '9k6uqs2q', 'n1q1wr9s', '8so80bf9', 'hxh085w7']
990	['y7s6qt6j', '8acldtv2', 'ykxr9q1j', 's2hp3sat', 'jgq968f6']
991	['lwpvyy49', 'mzekhyu0', 'vz8eu3vc', 'vpoqfm7d', '97msfh4l']
992	['jcq5omdq', 'ckx6wxxk', '5hhbdzam', '41xkwg1w', 'r66qkekd']
993	['3p2cuxk0', '0illlel7', 'kxdfnykd', 'bqvn3ceq', '5nncqp3z']
994	['xxlvyp5c', 'ys7azmv7', '0mwz8kwo', 'y43prnko', 'gjtefdxb']
995	['wr9ko6l5', 'jbmzvljk', 'plzklj7c', '58mdhe5v', '3rcvgcwx']
996	['so6irh9b', 'y1gt6bfu', 'wt6azxc1', 'cwekmw1a', 'dyxfsojh']
997	['mi6bdisx', 'kgggepu0', 'cabmmgg6', 'pfh6nm9r', '1vd4j3qc']
998	['jisznsr3', 'sm0112e3', 't1vom8f3', '41jqgsv0', '0lk8eujq']
999	['tloczjn5', 'aqke0012', 'yr6z0eki', 'npd9wz3u', 'o0yvgmgh']
1000	['w1tdg8bb', 'fk62t9ym', 'd2xc1hew', 'o9mq3auf', 'b3m11ppy']
1001	['j8666ial', 'mrc41hu0', 'cwreauh8', 'b6yfgc8t', 'l4frxzji']
1002	['z6cdyy0w', '6akx6xpt', 'ruewzstg', 'gin90aef', 't4y1ylb3']
1003	['55yxh5er', '8p81kc9z', 'tat66vxm', 'yu8dkk5g', '1f6kq8co']
1004	['74o2xil2', 'jtn3y35w', '01h205jf', 'aq011b97', 'dyxfsojh']
1005	['s4cfdgbv', '9wx4ltyd', 'egn81atf', 'yamabj5e', 'ulwirxeu']
1006	['b4mjo92p', 'plzklj7c', 'xzuynia2', 'dobxp4uy', '9e6g15iw']
1007	['1z1tces3', '56uzzrh8', 'eo1uz3g2', '1yrhikew', '44m1nfb7']
1008	['65efipbi', 'gtp5daep', 'eflwztji', 'jjgfgqwg', 'ttl1ozc6']
1009	['wt5qxe0j', 'z6sjfdb9', 'oa81rhdb', 'os0sslxc', 'pq571myy']
1010	['uoj3sclr', 'f2ypnls4', 'kff7ho04', 'dcfqvp4p', 'hb3wcm04']
1011	['2w80hys9', 'h6imcb1b', 'cv6no7nw', 'adhj5e5s', 'yt2fp8zl']
1012	['6j9x3pn5', '3qtxnbb2', '21lbbcxy', 'ixhaq0az', 'xcs9podj']
1013	['9dlaaye8', 'a8065dca', 'i88ccp9w', 'h0ex5siq', 'x9veckdi']
1014	['91ea40nz', 'w3gt0w41', 'kbaqqxxr', 'mxbjpmll', 'pggf4wyo']
1015	['9pei109o', '7x9jzge5', 'hc4zu9t5', 'yy77zuu4', 'avmfz0z7']
1016	['wzqdo1st', 'db8fl9d2', 'e4xw6gyp', '2bpyvgv7', '5vodag6c']
1017	['gw9hkw00', 'wzp7hpgc', 'kt47i60w', 'ztxfa5b8', 'td2rr1pf']
1018	['efbj3uur', 'uxz185vr', 'qxwjpv40', '3i82sxk8', 'gtbegs4r']
1019	['acyexmyq', 'nvebqwwh', 'u7ao9dwx', 'bkm8k9ud', '5ax78ysz']
1020	['6xxm7hcs', '6wb18u6w', '2fokjcjr', '555e3ndo', 'zpv5f8pr']
1021	['nxu1xoax', 'ivy95jpw', '2v6zigt8', 'roe6g61u', 'tbojvfq6']
1022	['7ru6tapp', '5y6gjl2t', 'xp2qkk52', 'a0dvzhc8', 'krg8jvfz']
1023	['soa71kwx', '6pn9jwfn', 'jxsldz4o', '3kde69wy', 'p36ilfqj']
1024	['h6b8xuvs', 'qbp5nid8', 'yj652emy', 'byh09alo', '55wqowbq']
1025	['z8jbxag1', 'kq0cu73r', 'ws7lp560', 'eie9cozf', 'g99myvw1']
1026	['2fyo2q4n', '3w5ouagx', 'ga1fks7l', '5zaw2iot', 'zctjkag0']
1027	['gtol0evh', 'iu4p5k0w', 'tgd6gy3z', 'eq5qqshb', 's96beqsh']
1028	['fj6l76hq', 'ximw03ej', 'u8mu4yga', 'h7ftu3ax', 'w1bx4a7v']
1029	['rfbihylo', 'fk62t9ym', 'b3m11ppy', 'ssmw2jef', 'c1k9ubbk']
1030	['s2811lpo', '5g70w76j', '06fhiu9q', 'ximw03ej', '630w2rtn']
1031	['e1macqqm', '8hz4go45', 'wgc0cqyw', 'j9xlhtko', 'yidait6a']
1032	['fx2ikn2t', '2um2wbcs', 'du58xx7k', '1bp33rmc', 'zx9wt8wi']
1033	['dksw5yzp', 'lr20prun', 'fu61afkg', 'vrixi8sq', 'zd8c1no7']
1034	['nwb7qf9l', 'zueprmdz', 'k8v832rl', 'jjiiutd5', '1wcfrvnd']
1035	['d8gx7xbj', '48ay8yl3', '38d140wp', '7hvq9qaj', 'y2739974']
1036	['vszlmtf4', 'xi17qo6z', 'f5ehif2w', '6aku7ghk', 'vqbs5ot5']
1037	['0loj2fsm', 'qowp861l', '8gh3q7p3', 'tna7e9dw', '32z7b3fp']
1038	['lm73oj21', 'rp9opdmd', 'tq2vdo88', 'zqzs6vtf', 'yt2fp8zl']
1039	['zpv5f8pr', '3oetrhdh', 'ko8lyoob', 'trpbkat0', 'ok33bqqg']
1040	['x4zcpr02', '4py6l839', 'o9mq3auf', '86gqxajw', '3kjckx8o']
1041	['t7a9edv3', 'be4afbyo', 'mkl7rvr6', 'no7n99cg', 't3givxiy']
1042	['b2fwktld', 'k886vcj1', '06yuz5pn', '9f5szh9i', '54fmvcl5']
1043	['yfdcgilr', 'krh63hqp', 'at5pcnrq', 'v056i6g7', 't3vuwghp']
1044	['azr73w2w', '3i82sxk8', '78t2h7st', 'fp81ceeu', 'byvsuvn0']
1045	['pfb3l2u3', '195h4ofw', 'ii3di3dz', 'm847xdzk', 'zu5mg2im']
1046	['fdkt6moe', '9ud32cvb', 'yy77zuu4', 'to9ixrwr', 'dayqtzfq']
1047	['v5beddu4', 'mwvcd5eo', '7e0x1525', 'xzuynia2', '11d18w9y']
1048	['uxz185vr', 'llo64qbp', '7rsp9vu0', 'h9nzxlaf', 'o4vvlmr4']
1049	['w0ebmg16', 'xtraspw2', 'h2sza0if', 'ohkki0ke', 'h7ftu3ax']
1050	['b2iit1ef', 'mjm2kap6', 'wge6a6sy', 'xyyhup28', 'ozt85cz2']
1051	['cjmmwl2q', 'ovpfh7sh', 'ncayc5zj', 'wcq3qqt4', 'l346qqwp']
1052	['niw61l9r', 'ho6qjkyr', 'qe8mxow7', 'd1pgjtjh', '78qsuc5l']
1053	['zv351n3d', '2nthllnv', 'jihyavm1', 'jfjxujwj', 'qfq1nfcn']
1054	['9n7a9g78', '34ulkvl4', 'ehqk1d63', 'neqeedtr', 'udr22zf7']
1055	['t0s5ufzv', '1hobsclz', 'hcwuv519', 'cymppa7g', '0qyhjutm']
1056	['rhgl6vss', 'cqv2cv9r', 'hitaptnp', 'hmkqnply', '73i7h1wi']
1057	['7pbrnn2g', 'qcssljgq', 'idg7c8wf', '1a1zb9p5', 'jtaq9p6r']
1058	['r5v2gi3v', '7zshbsww', '3vx85o8n', 'uaccs7k9', 'uuxo3jk9']
1059	['38d6gb7o', 'b31ctbat', 'eje3i558', 'fcb8egak', 'qci7khki']
1060	['4pcv1i3i', 'fsl4veps', '1mz44ole', 'etriddkx', 'sjqt01gr']
1061	['dhd9e9bn', '7zngkwoh', '1vcc1khg', 'w3ls1d7w', 'cnmawglq']
1062	['ydcu8f2k', '2tax8ajw', '7a543f7v', 'tzp03hmr', '0tn06al2']
1063	['9xpbwf9c', 'keaxietu', '4bw26042', 'uitc2tru', 'b0g8y96j']
1064	['p6k449j5', 'wt6azxc1', 'lzsbte0j', '64sdgroi', '24u6q3ae']
1065	['ffy19pp9', '2lanvyia', 'cmp1bvhd', 'es7c7szs', 'jdob76wp']
1066	['0bczgiyy', '17km3arw', 'n9kf6jgk', '9wvlt53w', 'uyy8zytj']
1067	['r9datawi', 'gk3wr6s1', '34ulkvl4', 'nyqcozvx', 's3o9v1fl']
1068	['xchvlphf', 'ekal5251', 'cbhlzemx', 'fdyfg0kf', 'isniqv6b']
1069	['lhx0it2z', 'rytw6rfd', 'ho78ojxc', 'uipe62sc', 'q4jjtw63']
1070	['fep6qm4d', '9v6f2274', 'iu1d9i57', 'knbngla3', 'ohkki0ke']
1071	['unhrmzn5', '5tpkcd5z', '8ti6r0eh', 'li5cw8xx', 'vllhupzp']
1072	['vw3cuiof', 'o3cr0xvm', '1992wisb', '8vdknrdv', 'w7owso28']
1073	['tljydrnu', '353wr671', 'ogchq8gz', '12yshnt5', 'g4i4hkhz']
1074	['qalficgu', 'gnhvvpn6', 'pq0t6x88', 'wbso4fci', 'cpfnva0v']
1075	['aclcbxkd', 'd19v8qca', '21qgukm1', '039k70vs', 'ks0zkp57']
1076	['me4v1qyr', '9enbrd6h', '8rvhqd9b', 'rr0v0ju1', '1v8xf5uy']
1077	['9enbrd6h', '8xf8u6bg', '3i82sxk8', 'kb3xi0fk', '9kfs73sr']
1078	['abjt5vfd', 'rwbciyze', 'q2i328sz', 'uw0rrel5', '7ddw02f7']
1079	['yr69ctrj', 'vprj63y2', '20xgqvxc', '1ik8lrid', 'dwgxrbag']
1080	['yj62tnz6', '10l6kx3e', 'dhdg6n05', 'ho6qjkyr', 'uvhzw6c9']
1081	['z18owc90', 'tve01g7i', 'rob84q03', 'rqnvo9t2', 'tqpvjhb6']
1082	['w9zyshzb', 'kmwfce00', 'tsyl7crt', 'q4m2uj6r', 'j95sfxn1']
1083	['igm2qr4p', 'w1tdg8bb', 'leokcqqy', '9p73l3rw', 'kvcx11yo']
1084	['vg7dvptg', 'dm6pznm2', 'vndj6f7w', 'kk47kxwf', 'f3eogz0n']
1085	['zo8stuvh', '9gy70ty2', 'abmrgpbm', 'j3vpbk4q', 'xi90m4jk']
1086	['me08w1ir', 'td8uwcas', '5lqjmqu5', '82hqy612', 'qh6fqna8']
1087	['wkl3jyzn', 'dptapovm', '7obhnmah', '52jtd51o', 'u3832seg']
1088	['zbr3kfv2', 'jtjurjpc', 'prqrsb3c', 'fhxgzm2i', 'v13kzr5y']
1089	['vbayngh0', 'rv26qfmf', '8gh3q7p3', 'hnwtz96p', 'su41e4vo']
1090	['nbqukjzv', '7kxi7px1', 'zcvumy78', '5s1zz2lm', 'yu8dkk5g']
1091	['xof56j98', 'km2uxj9p', 't97pdl4u', '2l883zhe', 'wqmscp6l']
1092	['52cub1om', '1s8jzzwg', 'w2c01295', 'ximw03ej', '0imnd2q5']
1093	['xshqu7qm', 'bttme4wn', 'dcli6uaq', 'o7ww2prj', 'dij3wy6q']
1094	['t2gbeb3c', 'f5ehif2w', 'h87bv6gd', 'kjr6dcqv', 'ywi0a8s1']
1095	['2qwk2z22', '195h4ofw', 'zu5mg2im', 'u31ixcwa', 'iz74o9de']
1096	['mxg2q1vd', 'lny446a3', 'qaid1rop', 'uliopaz0', 'ot1uz6vc']
1097	['xtmn1n0r', 'qi1henyy', 'ktjhr028', 'gjtefdxb', 'rpwmcqbg']
1098	['lr20prun', '7xx57cwo', 'nom4z0tv', 'f4jx3b2q', '5b9jytph']
1099	['aqke0012', '0vy5yifk', 'wcmxmahq', '1f6kq8co', '46c98cvm']
1100	['8co5gwkz', 'vdfnrh9k', 'osct0lj6', 'b7w2n36j', 'ivxvry3u']
1101	['itx70h27', 'wa5rxe76', 'bh8zshy9', 'sv48gjkk', 'n6of82yn']
1102	['vvmb92wo', 'w2c01295', 'y43prnko', 'wq92nfnd', 'bmmdygbs']
1103	['km2uxj9p', 'sikgdopk', 'x7ybnese', '446p4tbc', '2mtuw7gb']
1104	['sgo76prc', 'la2wvnb0', 'b5eve7re', 'f3mvdpq1', '52jtd51o']
1105	['7mcfehzc', '2q6qmex3', 'b3ui95vx', 'ec6ov0jw', 'dlwwcryb']
1106	['zue5hnal', '2bpyvgv7', 'wdvuweiq', '5b9jytph', '5z0xwlxp']
1107	['adh6j7m1', 'o7ww2prj', 'trpy9bbq', 'h2vct9h5', 'x1uc10m5']
1108	['me08w1ir', 'td8uwcas', 'lfqi7jsa', 'b5eve7re', '82hqy612']
1109	['5ckds66x', 'h65g7bf2', 'a3lk2q02', 'efox6z5q', 'nvbt5gxl']
1110	['2sp8nm0i', 'jgq968f6', '9f0bjknz', 'p9qeaedh', 'nzc9essr']
1111	['9hpkmjvu', 'xgfk6txz', 'feohcey3', 'itxde5mw', 'uyb0of5p']
1112	['gk3wr6s1', 'y12veqre', 's3mczqvx', '0ojzssli', '7k3uw04t']
1113	['nji5ek3q', 'lo4swmnc', 'nnxlzxdt', '61snvddh', 'm40kwgcg']
1114	['mxg2q1vd', 'ko42qlzr', 'u89jd28e', 'kff7ho04', 'qcssljgq']
1115	['j8d47de9', '2iupb6gj', 'p7cbnrji', '1y79i676', 'kbaqqxxr']
1116	['9jsx2z6e', 'bns5eb1t', 'lclxe7i9', 'ikacd7ls', '8th933g4']
1117	['eo1uz3g2', 'u89jd28e', 'b5eve7re', 'supf8vel', 'ivue7zob']
1118	['wtqwghon', 'gi3vfi68', 'rzoatp8v', 'rlr17nah', 'apqzyln2']
1119	['p3dex2to', 'zvngy7zz', 'h6dsjkvz', 'pc2cnhjd', 'cqjkjkt3']
1120	['ny7wkswf', 'uxz185vr', '6j9x3pn5', 'eyhgtpe0', 'vjubia8r']
1121	['uu883ofc', 'zuc538yd', 'ce9jujij', 'kyoa5gsf', 'pi1yzeqg']
1122	['9ige2pwd', '8f83k2ce', 'z22g03v4', '8jejswuk', 'zghh0zbd']
1123	['uzry86hi', '08bw0h8m', 'jj2u35z4', '4ttda53p', 'am2rrgrb']
1124	['jvood8ur', 'sdsmy0bw', 'ji3s6rnu', 'v13kzr5y', 'prqrsb3c']
1125	['19d29mnp', 'f0t6n2j1', 'oc9k32zx', 'gsplo37j', 'r0nmq9ne']
1126	['8xf8u6bg', 'gton069r', 'feohcey3', '44m1nfb7', 't2gxkxxd']
1127	['spicb5h2', 'c187k4yc', '8xgp6nhy', '4et61my3', 'hbyxy4ln']
1128	['uexahhdr', 'cpc1yefj', 'onbq7hia', '5dbuxvc4', 'q4m2uj6r']
1129	['b2fwktld', 'wslsqytj', 'xnkn38i9', 'imheos0p', 'avmfz0z7']
1130	['pz3e9y4i', 'k0eheo71', 'wfa5fb3r', 'iy8pp5ey', 'e4y6l4lx']
1131	['d0pawki3', 'ccat4lyb', 'iu1d9i57', 'kwutlh8k', 'ntxr1ivx']
1132	['hiw576og', '52x62y5l', 'jincu9xx', 'ue58uvot', 'olhgu24h']
1133	['bw6a5gmy', '24u6q3ae', 'dr067qlf', 'z4cq9klm', 'mqzus147']
1134	['5azti19e', 'wqu8dm15', '0u330d2u', '0lk8eujq', 'sb5ce0g3']
1135	['so6irh9b', '0pptqw7o', 'tk0iwpnb', 'mqyu72nc', 'ydh4ve24']
1136	['bgiyvqgw', 'rjelshrp', '868txjrw', 'kczhrxxd', 'yhmcx7ae']
1137	['r1tl2hrk', 'nln6pl3h', 'yxkub54e', 'ouno4jpl', '6e444g2z']
1138	['7ld7hyaw', 'gme1zk3n', 'jhsqrto0', '4dpe5q54', 'kmwfce00']
1139	['cf3l8uzq', '998jcj18', 'dyxyab5g', 'n119a7fx', 'i2ul4xr8']
1140	['ike8mgh6', 'vx1hjh26', 'pg0l92zb', 'dgcawqyk', 'zsra2yz3']
1141	['ys7vovie', 'k7vjqzx1', 'yn7e3do9', 'fqdu9uo0', 'aclzp3iy']
1142	['hjuftxwg', 'ldyumgm9', 'z1uz0awb', 'y2739974', 'gnhvvpn6']
1143	['n6ro088v', '2w80hys9', '92ezdiap', '07niopag', 'afytjnny']
1144	['0z1gzsfh', 'zzscey1f', '837vgr2f', '5fg1keua', 't9hbbqay']
1145	['ybcr7clp', 'q77tr31d', 'q7vv128t', 'kmwfce00', 'tn8houmc']
1146	['prqrsb3c', 'sdsmy0bw', 'f96qs295', '2xjv2fb6', 'v13kzr5y']
1147	['fdyfg0kf', 'zu5mg2im', 'gbpfypmn', '01c1hxav', '36amafub']
1148	['xvctmmzt', 'xxlvyp5c', 'zghh0zbd', 'gk1avld0', '4j8b8z4t']
1149	['407va85q', 'fteydbm8', '2l883zhe', 'd21lvneh', 'f6j1yhvp']
1150	['ccjzc1x0', '4z8i83p4', '46no7uq8', 'l6oe215a', 'tlr00tz3']
1151	['nz976qc6', '250glj07', 'vrjibtfi', '2l883zhe', 'lm73oj21']
1152	['iylmvmv3', '7zdi0y2s', '1aqf98e0', '7zngkwoh', 'y43prnko']
1153	['0041cay9', '5tpkcd5z', '5g4smxpv', 'ftt4diu4', 'zbr3kfv2']
1154	['32v44sw9', 'rv26qfmf', 'mt8h4rk5', 'm40kwgcg', '4pgish5x']
1155	['9gn4jcu9', 'a0q61mpi', 'r58aohnu', 'ohkki0ke', '8iqs6jko']
1156	['721ofhsv', 'm89wmmxd', 'ypls4zau', 'm13ndhaz', 'ybcr7clp']
1157	['ngbnnpni', 'dksw5yzp', 's6kdchlo', 'xokujzbl', 'wr6qa1vr']
1158	['a702kkx0', 'hunepli1', 'kd3as3b9', 'uliopaz0', 'w19729nl']
1159	['hb2lieh3', 'fnim10e5', 'mom4y7cl', '7xnga86x', 'm1bvurwi']
1160	['5t16srpn', '0z7ey1nm', 'dblqryhy', 'jqueo6zg', 'hfk8nikl']
1161	['5g70w76j', '06fhiu9q', 'vvmb92wo', 'wtovv1jy', '1adofojj']
1162	['3bo4md44', 'qt3kk30m', 'z8ajje2l', 'jaamms1g', 'dqrp18c6']
1163	['w0ebmg16', '5z0xwlxp', 'xtmn1n0r', 'zwil22bs', '0mwz8kwo']
1164	['8vk15klh', 'lsgm7y5t', '59up4v56', '00ugdhvf', 'hunepli1']
1165	['oud5ioks', 'km0yzqqq', 'zdfx3zo3', 'dbwew1op', '8cvjsisw']
1166	['nrhk8ctf', 'mqyu72nc', 'tf5a48i2', '1a2jptg3', 'qa1tbu6t']
1167	['rcaxap24', '0u330d2u', 'k2f667sc', 'dx9hez38', 'oo4zwcdb']
1168	['b4yj7vw0', '8r8586br', 'l4o7nicc', 'lgnaas6s', 'uk67ac2r']
1169	['0d121e1c', 'xchvlphf', 'l70ghm8g', '1zbsbcdd', 'rk9hsw2b']
1170	['h0spcvjl', '3eu5n942', 'x3f1yyjk', 'qw2ct68h', 'xhh4vgvn']
1171	['01h205jf', '2damkjcs', 'r457lo2r', 'kr22x6s3', 'ff6amr0c']
1172	['8ncc6d2n', 'gme1zk3n', '7ld7hyaw', 'dsz66r4u', 'imte5ong']
1173	['d1pgjtjh', '8pislcjr', 'znwa2kig', 'o6zww1rr', 'asrkuts7']
1174	['ktjhr028', 'vvmb92wo', 'wn98fql3', 'dxrltm25', 'ygvg9jfe']
1175	['vjg00epx', 'dij3wy6q', 'n51qbkas', 'yxkub54e', 'ltga2btq']
1176	['3tlv2b5x', 'qy4gsvac', '02u91ess', '4bvxj7u3', 'vwrhypnl']
1177	['g2j4uqem', 'jfuwelzt', 'p9c3g251', 'a68y6qsf', 'arma6a4j']
1178	['1adofojj', 'adusu6pm', '63en895x', '227l4bzl', 'y8ibpd1g']
1179	['0ojzssli', 'pfh6nm9r', '7f33cu6l', 'toixg0hy', 'k1w2wxnu']
1180	['0ojzssli', 's01g5wxg', 'jpenhh92', 'ii3di3dz', 'zu5mg2im']
1181	['y4m987yn', '3cnmj21f', 'fytashvs', 'uyo1rpx6', 'tsyl7crt']
1182	['hg1q14gw', 'qun2lfcv', 'lyewg2c9', 'wtovv1jy', 'z22g03v4']
1183	['bns5eb1t', 'sxl49cs3', '8lnjbxe5', 'ypqusgs3', 'w4m9agd0']
1184	['jtgpzrf9', 'spfc0fc0', 'u0jddsup', '3t7zln1o', 'oud5ioks']
1185	['di4p48ax', '660gckc7', 't9hbbqay', 'fu685z9a', 'lkb09vs8']
1186	['9sv03cqa', 'qexarxjl', 'm1sf159a', '6rpm4phy', 'w25jpub7']
1187	['h7ftu3ax', 'wrsk5vh9', 'a0q61mpi', 'onlly1ga', 'dhd9e9bn']
1188	['a3fvifax', 'c4m63cr3', 'whkfvd7l', 'uhtwkkk3', 'ovuh3qoh']
1189	['pdiyqdb3', 'fo9uq389', 'ledopkwj', 'tsv0rcr3', 'vww8d1ew']
1190	['xvctmmzt', 'lh18omnj', 'f0judfwn', 'd7tk12u2', 'y9fqa20z']
1191	['u8mu4yga', 'sxi0tpsf', 'nr0fu2qb', '1s8jzzwg', 'w1bx4a7v']
1192	['gqwwfpch', 'mz7b6ey3', '60en5zy7', 'r440fw19', 'cgz5ot21']
1193	['texmsvyt', 'm6eotnko', 'f33cgrp4', 'j46bet38', 'gwprn5hh']
1194	['f0judfwn', 'ohkki0ke', '9gn4jcu9', 'a0q61mpi', 'r58aohnu']
1195	['122yi9np', 'n2wqalcu', '7fociv5v', 'est5jx7g', 'znainceq']
1196	['36zu137v', '5gldyo2d', 'xm1000xv', 'fd4aag2t', '9n7a9g78']
1197	['tn8houmc', 's1dert6n', 'h6gdck2u', 'jms1hfdl', 'cj3cpn5j']
1198	['n4ildbuc', '0u4nmrq4', 'w04z2f0q', 'hzn3qus3', '8qdcls1k']
1199	['r5552ql7', 'ccj1dt86', 'hgpiig0g', 'b3nv1vl6', 'ledopkwj']
1200	['wslsqytj', 'n3yuvf8v', 'ziaiufzs', '3z9ubx09', 'pq571myy']
1201	['b9b6ww9q', 'pw51kd1r', 'e7ud2rrq', '3oetrhdh', 'rk9hsw2b']
1202	['ki93iltt', '8brfph9v', 'xziy99uo', '81c2mn2c', 'zvlt168l']
1203	['z1onkz6u', '4sq7t6hg', 'w036x5gr', 'orddpgl3', 'lzgwxshi']
1204	['uliopaz0', 'tij7lakb', 'ks0zkp57', 'x9lxyrgw', '1nqbqmum']
1205	['jk37ej4c', 'uei4ovko', '3xw4qjoy', '8tqm4k6k', 'nwb7qf9l']
1206	['3u3i5myh', 'a4klrp3h', 'ypqusgs3', '8lnjbxe5', 'ruewzstg']
1207	['ruewzstg', 'tn8houmc', 'irhizn0b', 'ybcr7clp', 'a7420by2']
1208	['bl96upg3', '1omv4r30', 'v1egyqt4', 't5p6z0wv', 'khkw1hhv']
1209	['crqqrtj9', 'v5sflan9', '0hhdwq68', '73oe5as9', 'pfc31r4o']
1210	['4ag4oune', 'x4ix852w', '8w43qkqu', 'qwax5tg9', 'r4fd5vp6']
1211	['zyrvgaql', '7097q0r1', '9pn62o4p', '2e02uktc', 'r1m709hb']
1212	['cj7tcpsz', 'lfvvfzi5', 'z0p4f7tq', 'otcxz4kk', 'obhm5mc5']
1213	['hltkddac', '2mtuw7gb', 'v2gsp5ui', 'lcqxrcji', '8rvhqd9b']
1214	['11xjl53c', 'vmizkujc', '08mfxvql', '4ylt5rhg', 'lbd6hn57']
1215	['4wi9lln9', 'gr3tnp3c', 'ohkweon9', '1jpwtd4t', 'tz8gc3cz']
1216	['dq3qunwe', '95e1kuux', '1r9975o8', '2bupc5jh', 'lvrdgpyr']
1217	['l2xm13is', '29z4q4fs', 'hxpqexi1', '8t4rnfyu', 'v0y734lu']
1218	['o4ri7t16', 'k4k3kcrh', '1iqfm496', '9sub2wtu', '2hfkrl8m']
1219	['0n51j2jo', 'r0taoqsw', 'hia647nr', 'y047cuxp', 'lk3wcmm6']
1220	['828eqxla', 'snxjuzta', '0rsbmh48', '6j45mmjh', 'czbhddnm']
1221	['gjustwrb', 'dgizpo1z', 'a4klrp3h', 'bw6a5gmy', 'ouno4jpl']
1222	['1iqfm496', 'qqdcs77q', '1mu1o8rj', 'w750idb5', 'hapw6lv9']
1223	['1nk1t5qs', 'fsid4a39', 'mgtxchud', 'rbau5dc2', '010vptx3']
1224	['ut1k8xe7', 'dfl69g4f', 'm1tv7mgm', 'lfo6otkc', '6kbdxhxv']
1225	['cgxs9uam', 'unx1pv2k', '401l7jbn', '1a7ugd24', 'mfop9fne']
1226	['3jrb0sn8', '5c8im9ci', 'f6l0hwyw', '5jl2whuu', 'vc6j8ao2']
1227	['xtlhhc54', 'zdfslfmb', 'z5493bye', 'y6zisciu', 'n040i865']
1228	['qeqd4soe', '9wnkmn27', '0qy6hcgp', 'hcw0cisk', 'dqhdws5k']
1229	['2qwk2z22', 'u31ixcwa', '8zm7n7j9', '40dsvwyb', 'sm0112e3']
1230	['w0ebmg16', 'h7ftu3ax', '9pb2eqoa', 'xtraspw2', 'mnjy6bq2']
1231	['so6irh9b', 'tk0iwpnb', '12yshnt5', 'qa1tbu6t', 'wt5qxe0j']
1232	['st3fyb64', '9g547s2n', '4ghn6zbd', 'cddya0r7', 'zghh0zbd']
1233	['1l4o9pko', 'aakzdkcj', '9wnkmn27', 'nxu1xoax', '7esjlc7i']
1234	['o78vcy90', 'sfm82h0g', 'foy3dsq4', 'wdfzrzkt', '3urmf3ie']
1235	['pvrp8u8n', '07scv3kv', '0gxjjqpd', '784gmskn', 'uqpxs7et']
1236	['1pg77f6t', '7vadpp3d', 'u8ptvem7', '6mx7lurq', 'nbn44sxq']
1237	['8iqs6jko', 'sxi0tpsf', 'hf79cbuq', 'w2c01295', 'hunepli1']
1238	['p7cbnrji', '4ercv3oy', 'pxpo8jni', '6mfd3n4s', 'n2rec4i8']
1239	['fteydbm8', 'dlwwcryb', 'h5xvrtfy', 'fbm33qsm', 'vszrekp9']
1240	['6uli512b', 'plzklj7c', 'xzuynia2', '2l83gyx5', 'cd7cfpx3']
1241	['q4m2uj6r', '5dbuxvc4', 'p6uliadr', 'kmwfce00', 'w9zyshzb']
1242	['u89jd28e', '6a6tyvtz', 'eo1uz3g2', '3w5ouagx', 'zctjkag0']
1243	['yhun6hid', 't1ughb9b', 'd19v8qca', 'm46vdpv6', '79xnx9gr']
1244	['mo3y3mau', 'u3832seg', 'lxdcelk1', 'xokujzbl', 'wubcq0xx']
1245	['hfk8nikl', 'dcli6uaq', '0u4nmrq4', '597wavq2', 'd8vo0ncl']
1246	['fdkt6moe', '78kbutc3', '3a5965df', 'o78vcy90', 'sfm82h0g']
1247	['wigakw9h', '8dbjycgt', 'ca1v4k3h', 'o1xsjx2p', '52lf5gzr']
1248	['jz6o9gnb', '407va85q', '0r580il2', 'dt8h6a0v', 'trmwm9qq']
1249	['5xfgmi2n', 'ubjd0052', 'j46bet38', 'nbghk20z', 'rjjc30lc']
1250	['ximw03ej', '2bpyvgv7', 'hqapg5ow', 'umvrwgaw', 'u8mu4yga']
1251	['2r0a357c', '7omyaap8', '0l5li1f0', 'f14n0hk6', 'lk3w2kqv']
1252	['k9xhphpl', '80dfqjql', 'tjplc5j6', 'bn22k0p3', '5s1zz2lm']
1253	['uyb0of5p', '763v4duh', 'iu1d9i57', 'jjh1z5c6', 'wn98fql3']
1254	['7lli72ph', '58mdhe5v', 'fx2ikn2t', '0w905c2x', '7gxlioiz']
1255	['ipon95io', 'on6ss822', '9wvlt53w', 'c9sidpy9', 'qhbuvt1l']
1256	['9wnkmn27', 'aakzdkcj', '1l4o9pko', 'onlly1ga', 'lm73oj21']
1257	['13kzv4b2', '1ke7wisc', '8i7v13e8', 'wu2dyleo', 'jw713e2n']
1258	['t8xyrsif', 's7wykoze', '7xt894vr', 'a2kill55', '6ulvk9hv']
1259	['gdbr8zwr', '0n07fow0', 'ywi0a8s1', 'lfk6e8hy', 'zrjvpoq0']
1260	['6hehg1yf', 'sb3y2w6c', 'lsiy3quw', 'oj278zls', 'msb6wgnv']
1261	['bu59aji5', '65efipbi', 'd6a6nagk', 'me08w1ir', '0gxjjqpd']
1262	['c0i45oix', 'pggf4wyo', 'nom4z0tv', 'nb27fn2z', 'gysvo8e9']
1263	['ktm0akxd', 'dblqryhy', '7objlrqa', 'tpovr13h', 'qalficgu']
1264	['yfpioqi5', '0bjl60gl', '0vjxc1bm', 'nnxlzxdt', 'p5ceve0x']
1265	['v14gqr6q', 'u1s6ciy4', '566pbuic', '3xvphg52', '6klc2uep']
1266	['gg2swy7i', 'tbojvfq6', 'zuz2992q', 'ne816kr4', '1zd3hjpo']
1267	['vp2t4xkn', 'gxu62u9i', 'elycje9y', '43joavrl', 'irhizn0b']
1268	['yosjlefy', 'vqbs5ot5', 'pjllicm7', '82afil03', '58r5wcwd']
1269	['7xb7hj9u', 'eu2vjpw9', 'lx77ln0h', 'ntxr1ivx', '53zopedx']
1270	['sgo76prc', 'la2wvnb0', '82hqy612', 'on53pegz', '3w5ouagx']
1271	['0njeeoc3', 'i6zofi4g', 'gqifyp7g', 'q54el8tf', '755ym7vl']
1272	['6msw06fb', 'tah4bpj1', 'ocl5qf9o', '9th9mm7e', 'fu685z9a']
1273	['r1tl2hrk', 'z3msyl45', '3s3tzfnn', '8s7ixxvk', '6e444g2z']
1274	['wa5rxe76', '97msfh4l', '37gpov43', '93y40vnp', 'xn2zi1uq']
1275	['1jtln8wc', 'ydpabx0k', '9ljou3ag', 'knlc3bxh', 'pm3ck1gk']
1276	['raw2mt47', 'q8l3ra55', 't038136e', '36flecmg', 't1vom8f3']
1277	['svl5ks44', 'jbmzvljk', 'jurqttdg', 'mncip6jj', 'ppuki7qn']
1278	['slzh6uay', '5h54azyy', 'a7frertc', 'iwdklgyp', 'm1glq4ac']
1279	['mi6bdisx', '1vd4j3qc', 'gha1wg4w', 'ao9bmat5', 'vryngrq8']
1280	['pgasbdpp', 'ogrlupbx', '4z8i83p4', '5aia1f36', 'qj1v04cf']
1281	['uk6whrhz', 'x6sdpk6v', 'mtq19xku', '0fpa1f30', 'kxdfnykd']
1282	['u42d1p1j', 'dx2cx9lx', '8hvve871', 'gg5c8v7d', 'tpmb397f']
1283	['lm73oj21', '64qt0w2a', '401l7jbn', 'wnpmwne1', 'vx1hjh26']
1284	['qjfe2t9v', 'hltkddac', 'kp4j9snc', 'lcqxrcji', 'xk2inqjm']
1285	['supf8vel', 'c8krivoj', '9oxajwkk', 'fedv6m9o', '2w80hys9']
1286	['wtxhbzr9', 'lg6qorv0', '2firaix6', '0kuotqoi', 'gc4p1mvc']
1287	['hgpiig0g', 'gydzq4n3', 'lr5lumdr', '7uoia564', 'ydh4ve24']
1288	['kjr6dcqv', 'fdn6h4gi', 'pva0xii7', '1nqbqmum', 'ocxl6cf4']
1289	['72s5lbz1', '8f83k2ce', '8dgahmka', '41jqgsv0', 'z22g03v4']
1290	['u99omznb', '9x60jukk', 'x11ntaqf', 'v06kyana', 'pa000mr8']
1291	['gkf3wez8', '5sfojk7y', '10dkpj5h', 'hhg2nyoz', '0hqe4jb5']
1292	['660gckc7', 'hcwuv519', 'k7b8wj56', '72jwlfqr', 'k6cumncp']
1293	['irx4pcsx', 'r5eve0bl', 'l5kr2dw8', 'eef8mem7', 'nqcorcud']
1294	['atji1xge', 'gw9hkw00', '8dc7andx', 'h4otzeah', 'ixvsemvw']
1295	['vrjibtfi', 'oz047qmf', '9ige2pwd', 'p4ejdth1', '2u5zxc2i']
1296	['gqwwfpch', 'vdgu6h0a', 'vvmb92wo', 'ai60maqz', 'llcit7x2']
1297	['5m23wtpi', 'r0taoqsw', 'qydo3yr9', 'b4yj7vw0', 'ss7tac1i']
1298	['pvrp8u8n', 'u3832seg', '43wbbris', 'mo3y3mau', '55gugbs8']
1299	['hkk23tqt', 'z92xqedn', 'riwojb40', 'rr0v0ju1', 'v13kzr5y']
1300	['q58dzxwc', 'i3ahtzdd', 'jswlq6wp', 'yb9uyov3', '7n4t8i2n']
1301	['2f7wqamp', 'dxrltm25', 'knbngla3', 'mnjy6bq2', '2gjo4oqn']
1302	['me08w1ir', 'td8uwcas', 'lfqi7jsa', '6nt6msrm', 'c4ihkcyr']
1303	['4c7ug40v', '5351oj7i', 'fm9mdllg', 'rytalfyx', 'z1onkz6u']
1304	['h5fvf5ja', '5o0ihd3f', 'qd73h1ie', 'nxh1su1i', 'qp8jxcdl']
1305	['g4nto9kf', 'vqlnd5rx', 'xi90m4jk', 'oqz6i77n', 'cdsj5ba9']
1306	['5b9jytph', 'cg6v3yma', 'vvmb92wo', 'knbngla3', 'usyduiti']
1307	['z68tl88x', 'juofmvz2', 'w3gt0w41', 'd8lx9ffy', 'pqt10xzt']
1308	['ixvtt3g8', 'bdvnwrd4', 'n5c0hcwn', '29z4q4fs', '7g9fivhc']
1309	['wfa5fb3r', '3cl3q80m', 'me4v1qyr', 'rr0v0ju1', '1v8xf5uy']
1310	['mlo8zypy', '9n7bkayx', 'vgk1sgcp', '784gmskn', '1wkpkh84']
1311	['p9c3g251', 's3mczqvx', 'w5rk8luy', 'pa000mr8', 'q41elfwt']
1312	['jisznsr3', '195h4ofw', 'zu5mg2im', 'u31ixcwa', '4pcv1i3i']
1313	['9e6g15iw', 'plzklj7c', 'vzdu9jwn', 'cwdtyr1v', 'xzuynia2']
1314	['5q49qq42', 'mo4luyx6', '52x62y5l', 'dztaijzu', 'lme6vcqs']
1315	['cnz7jlw4', 'mz1bof2x', 'f0kcf2y0', 'hhen3xjx', '70inem5k']
1316	['v47publm', 'rhnr430g', 'ub7ilx98', '09jbs6mx', 'ocxl6cf4']
1317	['v5beddu4', '9ixpj162', 'yqx0xqz9', 'xzuynia2', 'b4mjo92p']
1318	['l97yi8l9', '186wyg7t', 'fub50lvt', 'nvbt5gxl', '2l883zhe']
1319	['t0iw2vod', 'w1bx4a7v', 'lr20prun', 'pi77smba', 'nom4z0tv']
1320	['6crputzl', 'xee6npr3', 'pvw9t7zd', 'td2rr1pf', 'gcr0i406']
1321	['zweyxxg2', 'vx9vqr1k', 'lh82rl24', 'uk6whrhz', '1nsrgv8v']
1322	['ikjfv4oh', '1vcc1khg', 'hcwuv519', 'd0r09lj8', 'q4gattkk']
1323	['x7ffgtrd', '307rt03e', '9rxv6fy9', '56spbdvd', 'u3ihnglr']
1324	['zbr3kfv2', 'gsplo37j', 'vgk1sgcp', 'hxyn84jt', 'pebu7w9m']
1325	['ywvk6gu6', '9wvlt53w', 'x14iywtr', 'i9cti2ok', '0e97tdez']
1326	['tweqie5k', 'gat4jwsu', 'q6j7vy8u', 'i9nchww2', 'tki4l0gb']
1327	['dgnddq80', '0lk8eujq', 'sdij1d90', 're8fstqw', 't1vom8f3']
1328	['h2uc7ria', 'tk7eturq', 'qhqidit5', 'o47v5vgw', 'z35xw2p0']
1329	['fsid4a39', 'poh3te9j', 'qf5l56ch', 'whkfvd7l', 'q1ay1u90']
1330	['lty6oq3d', '0oq0xmzr', 'z9jqbliw', 'zbi0llig', '5aev7ltr']
1331	['kl2w6yiv', '164yx77a', '5tpkcd5z', 'd78zcfls', 'd0lulco7']
1332	['mkgszhkk', 'ra2njvcz', '30pl5tx3', '844229sb', 'uhkff67h']
1333	['sm0112e3', 'jisznsr3', 'fcjpfx3v', '36flecmg', 'zu5mg2im']
1334	['jc5ik84m', 'egzlstrz', 'l16a5nq7', 'z6gyw3um', 'lz8b60ew']
1335	['qlng0zvn', 'c4g3vlrs', 'afytjnny', 'wc6e0pxf', '0val27ca']
1336	['6x8xp62f', '5dwkunqw', 'sjqt01gr', 'cvouxqxy', 'pecyac7l']
1337	['rp9opdmd', '75m13rha', '14alhxc3', 'qeqd4soe', 'gcv4lmsr']
1338	['0njeeoc3', '9e3mxt1a', 'eko3rry2', 'eecwjrdc', '755ym7vl']
1339	['cn1yfjwp', 'qa4njmyt', 'ylqpkosd', 'bbhb1cre', '0eftiyuw']
1340	['2bupc5jh', 'ph7lkuus', 'ktjhr028', 'pindjvhk', 'mcmqx7og']
1341	['43joavrl', 'wq0mebm4', '6gj02k04', 'ka2kyqmk', '6yio5mjl']
1342	['ocxl6cf4', 'rhnr430g', '9ok153yl', 'ecro0w9n', 'v47publm']
1343	['v4xszcfb', 'adusu6pm', 'p7rpfsph', 'npd9wz3u', 'dqhdws5k']
1344	['2bupc5jh', 'ai60maqz', 'wcq3qqt4', 'icejfmzr', 'dq3qunwe']
1345	['zecuhkcd', 'ucmzbezx', '9ljou3ag', 'q6ho9pdk', 'wtenvb27']
1346	['dcli6uaq', 'hfk8nikl', '0u4nmrq4', '597wavq2', 'd8vo0ncl']
1347	['b0wy5zz4', 'vk6rms29', 'ccj1dt86', 'cieh5gyp', 'snlukr6c']
1348	['hqapg5ow', 'x7ffgtrd', 'nom4z0tv', '8a3fp7ym', 'fj6l76hq']
1349	['bwmpamea', '0rrhiw9m', '5w4cc534', 'dczcruim', 'zv8xt1dd']
1350	['whloioyi', '68o7g6k7', 'uc0qkegm', 'hruge79z', 'mmnfyz6y']
1351	['mkgszhkk', 'rwgqkow3', 'e1macqqm', '8hchfgx6', 'y7s6qt6j']
1352	['htitgh0v', 'd5w0ecuy', '2w68g7cv', 'j5sj9b3d', 'ezrmuw48']
1353	['4d6az41t', 's8nx7wim', 'b9nqcbf7', 'pg69ww3a', '1ihib857']
1354	['jz6o9gnb', '0r580il2', '9briyvuq', 'nvbt5gxl', 'fub50lvt']
1355	['s0ca1r5s', 'ax3e82js', '4gof1yl8', 'm0598zrc', 'jz6o9gnb']
1356	['2l883zhe', 'rh2jrojk', '7esjlc7i', 'ultl3rpu', '8o2xddof']
1357	['be4afbyo', '1y1ik2u9', 'fz14yjvm', 'jgq968f6', 'aawjla6h']
1358	['c2a07zg0', 'gjtefdxb', '2bpyvgv7', 'yn7e3do9', 'f80cfjrn']
1359	['q1nye2ih', '859q36i1', 'leg5ntvu', 'toixg0hy', 'nhkd88yv']
1360	['mo4luyx6', 'dlpgq0rm', '5ah2yf59', 'jowowl0v', 'y0wu60n4']
1361	['xdll3xj5', 'apfimvix', 'deezca5z', 'u7ligk1k', 'jfvq2gfx']
1362	['8hchfgx6', '9gn4jcu9', '5vp2r2bd', 'iha9gjt4', '1fr7j93h']
1363	['zghh0zbd', '8jejswuk', 'q8l3ra55', 'p5ceve0x', 'e0pz0z4j']
1364	['sqxdwu6j', 'gtp5daep', 'yfdcgilr', 'ax87r0bj', 'ijp87jav']
1365	['5bl4h80v', 'ud8cz3sp', 'xcduaqje', 'zna49ifn', 'io9ggpf6']
1366	['8ihlm3fw', 'yosjlefy', '58r5wcwd', 'r0nmq9ne', 'hsimf7wt']
1367	['uohbxoeb', 'd1w8xqvo', 'mcm8hvjx', 'jtgpzrf9', '675v58x8']
1368	['7q2jd0mf', 'ibnudp1x', 'fnim10e5', 'k7b8wj56', 'ksf2tpdw']
1369	['ioclf03d', '9gl8g08y', '0ho4f5wg', 'vc0ezpp7', 'jgq968f6']
1370	['wgfdd3lm', '54aruvbf', '3tfof5nd', 'qdmkx03t', 'ksvw62gl']
1371	['tu1vevx9', '90323yzn', 'hm332jqo', 'agpuilt2', '7j4i6eud']
1372	['0illlel7', '296lr317', '3p2cuxk0', 'io6f6z3l', 'kxdfnykd']
1373	['xof56j98', 'r7aqsyfl', 'hunepli1', '0pptqw7o', 'so6irh9b']
1374	['cg6v3yma', 'yyfsnthj', 'zue5hnal', '7zngkwoh', 'gtp5daep']
1375	['gdcqu3nb', 'oa81rhdb', '7a7oi5dt', 'xfcqbfse', '43joavrl']
1376	['uw0rrel5', 'gjk8kc8g', 'bdlhd5i1', '3da30lb2', '0fpa1f30']
1377	['unl3n0tn', 'vx1hjh26', '6wb18u6w', 'xtnyad3j', '1s8jzzwg']
1378	['gk3wr6s1', '34ulkvl4', '4p6fcy8f', 'pc2cnhjd', 'oud5ioks']
1379	['y1ob8tcq', 'focpnnks', '8wqii0nd', 'l6yr6ang', '6e444g2z']
1380	['sywxrxmf', 'ccjzc1x0', 'qeqd4soe', '7th3d6wk', 'y420tku1']
1381	['wkl3jyzn', '4iuxm6z2', '11xjl53c', '855atuue', 'ot1uz6vc']
1382	['ximw03ej', 'gjtefdxb', 'nom4z0tv', '92z77upt', '1vcc1khg']
1383	['focpnnks', 'y1ob8tcq', 'getnq0ek', 'l0l2ev29', 'gvn2v6rt']
1384	['01bjz2qq', '0cuz6iho', 'hcuxj2k7', 'nfem3htm', '2q87yv17']
1385	['lur9d6ji', '0j4z4ez7', 'ayd59zpj', 'dayqtzfq', 'k0v1axmd']
1386	['250glj07', 'iu1d9i57', 'dhd9e9bn', 'rf7k079r', '1v7zkplv']
1387	['9wnkmn27', 'lvydhfej', 'zqzs6vtf', '31idktk7', 'd21lvneh']
1388	['icgsbelo', 'pz3e9y4i', 'ajqbljai', 'ng193dnk', '0hqe4jb5']
1389	['b0qj7tck', 'xgfk6txz', '2l5gc4x2', 'hhuu7ol8', '4cnk76lb']
1390	['t3dzso36', 'q4zuslmp', '94to2qp3', '6xs4y2uw', 'rb20ge7e']
1391	['hcw0cisk', 'aakzdkcj', 'sywxrxmf', '9wnkmn27', 'onlly1ga']
1392	['unx1pv2k', 'mfop9fne', 'usfvulc2', 'e8mk04uf', 'cgxs9uam']
1393	['urazxa6x', '7qxs79qy', 't0l6mlm5', '3iz0ozpx', 's9b631ee']
1394	['bccrvapy', '36amafub', 'e9m31jyc', 'y12veqre', '4pcv1i3i']
1395	['y349r3r6', '9h4zzo5q', 'yaedocvp', 'hsgmg99x', 'jazfyjwl']
1396	['bpnqz1cn', 'rcdoewwv', 'vwgvlqml', 'qbhw96wv', 'qxwjpv40']
1397	['qgwu9fsk', '11xjl53c', 'uohbxoeb', 'pb25lrnw', 'kt47i60w']
1398	['6h83xzqe', 'gtp5daep', 't2gxkxxd', '44m1nfb7', 'qv31t2vh']
1399	['rb20ge7e', '2j11uxmx', 'x73moqog', 'ljlsvc9h', '7xnga86x']
1400	['72s5lbz1', 'tz0pgml3', 'xxy10tcl', 'zj0yxy2z', 'vu8hfm1g']
1401	['hert77y1', 'xnrb0byz', 'fub50lvt', 'yfpioqi5', '2v6zigt8']
1402	['xltcax0k', 'on53pegz', '222c1jzv', '4ttda53p', 'lae18d0l']
1403	['zpxnr9s9', '0dp28rsd', 'nfem3htm', 'ohkweon9', 'mdx41yqn']
1404	['dksw5yzp', '0zjpvzof', 'qlejjw9s', '5ojyly05', 'x11ntaqf']
1405	['u31ixcwa', '2qwk2z22', 'sm0112e3', '8zm7n7j9', '383sp7f5']
1406	['ucmzbezx', 'zecuhkcd', 'wtovv1jy', 'dij3wy6q', '0cnjtxyq']
1407	['xeb14weg', 'cjfn4dna', 'nbqne4wp', 'lnls2mhg', 'f2ypnls4']
1408	['6sgeraws', 'yeowvvqi', 'bdvnwrd4', 'kztdc8vv', '39nzvid1']
1409	['lgtpeqhw', 'cc23zega', 'rwovxw7a', '4kfbs7j4', 'z2jtzsl6']
1410	['hltkddac', '2mtuw7gb', 'lcqxrcji', 'kp4j9snc', 'qjfe2t9v']
1411	['71x3b75z', '0u14wypb', '32e1uxhl', 'lnls2mhg', '3dconbli']
1412	['095g2l66', '64sdgroi', 'cfkh0ypy', 'ylojjfri', 'rkgrsiqf']
1413	['2hbcbvt6', 'u31ixcwa', 'ujy4i5uu', 'pzqmg22v', 'zoipx650']
1414	['7xb7hj9u', 'v47publm', 'mz1bof2x', '68x50rni', 'jzosdlu7']
1415	['ybpev0vi', 'uk6whrhz', 'tloczjn5', 'usr8hzcw', '296lr317']
1416	['ocl5qf9o', '25aj8rj5', '5ifrkb75', '7rsp9vu0', 'vmmwtdia']
1417	['ai60maqz', 'qi1henyy', 'gjtefdxb', 'w0ebmg16', 'h7ftu3ax']
1418	['sygm6irl', 'dqhdws5k', '7esjlc7i', 'trmwm9qq', '9aw78s63']
1419	['ea78sjcs', '4pyx0xps', 'f2ypnls4', 't0zphgfl', 'est5jx7g']
1420	['y6jw3gws', 'an8957d8', 'fytashvs', 'vpih1wvs', 'te0v91nr']
1421	['6xxm7hcs', '1a5oy6fr', 'vuxxerob', 'jnwuu08w', 'bu59aji5']
1422	['29z4q4fs', 'm4vu77v6', '509h7pnh', '7k8nlea3', 'tr2139vg']
1423	['fbsrggog', 'lvvw1npq', '944pn0k9', 'po32j519', 'gi3vfi68']
1424	['s2vckt2w', 'f4jx3b2q', 'qxxn1zf9', 'vrs88dcy', 's96beqsh']
1425	['wp3rwdum', 'g3ny530a', '1be4l05u', '0rrhgz26', 'cplyj4dm']
1426	['0illlel7', 'zhg1hvsq', '3p2cuxk0', '296lr317', 'kxdfnykd']
1427	['m72i8vtq', 'alt4j58b', 'etriddkx', '75m13rha', 'd8lmft7i']
1428	['m5siraig', '57qk34fx', '9p73l3rw', 'kjd2t69f', 'jy20xtwx']
1429	['irx4pcsx', 'v5beddu4', '9jfclm9c', 'us11gvdn', 'yvuie1m8']
1430	['b0545v23', 'ielatiaq', 'i6qoo03c', 'h0iynw2w', 'b3doorzq']
1431	['k0v1axmd', 'sg1e404x', 'y3a4czk7', 'o0yvgmgh', '42wcyjuk']
1432	['xtmn1n0r', 'ximw03ej', 'w2c01295', 'ygvg9jfe', 'ktjhr028']
1433	['rr0v0ju1', 'xrgb9pve', 'urk8aa5b', 'd9egxof5', '2aslzgdk']
1434	['1s8jzzwg', 'y43prnko', 'mkgszhkk', '844229sb', 'ximw03ej']
1435	['ebgu29uh', 'hp62t734', 'c3a85ld0', 't13pehgc', 'vpoqfm7d']
1436	['hh643w7m', 'i94boetk', '39mfts0g', 's96b0s76', 'qopfltoi']
1437	['n9aqux5a', '6r4jyop7', 'oa81rhdb', '1uabldiq', 'qgwu9fsk']
1438	['lgtpeqhw', 'n0zppf8v', 'zvmwubuk', 'eumvomou', 'uom5r1pf']
1439	['0r3l3b88', '78t2h7st', 'dksw5yzp', '660gckc7', 'ks0zkp57']
1440	['wh3k3u28', 'qj1v04cf', 'vstwckpw', 'fhxgzm2i', 'zdfx3zo3']
1441	['ragjcn97', '79m3sdfe', '4jx0oq65', '03z4u9v4', 'qv1xfrg6']
1442	['06fwhyac', 'x64zft78', 'ohyvuybc', '5rpd8d0t', '18b6ikq3']
1443	['pwb7rw89', '32ut5vr7', 'esizmxoz', '1iagbaow', 'yf3z913h']
1444	['st67fvgk', 'wtxhbzr9', '9rczqcaz', 'f1ckv4bk', 'yb6lmv1a']
1445	['leg5ntvu', 'bnhwbaqj', '6l3coibe', 'xqpsdc8u', 'krg8jvfz']
1446	['gk3wr6s1', 'no45mgyd', 'fcdwitxy', 'cq5z8lqu', 'p699a0g2']
